1,3,1.0676356818606692,0.09498716239695636
1,3.73846786581814,0.9441728067093257,0.059614146815388354
1,4.6587139945849465,0.8309903249248679,0.03705662769384146
1,5.805484188264362,0.7257776821433098,0.022683432888624306
1,7.234538694447208,0.625662570659647,0.013527249925127573
1,9.015363477736273,0.5265018956557519,0.007686995803521097
1,11.234548886729174,0.42094254924723423,0.0039430294788133586
1,14,0.29035604101401896,0.0015054754834232084
1.0495,3,1.0787342339246286,0.09217216698688561
1.0495,3.73846786581814,0.9538638863521183,0.05783241004065718
1.0495,4.6587139945849465,0.8393526586162164,0.035934782563962396
1.0495,5.805484188264362,0.732859303864124,0.021983401647408616
1.0495,7.234538694447208,0.6314733129491996,0.013097586899068715
1.0495,9.015363477736273,0.5310016512332533,0.0074319132359484
1.0495,11.234548886729174,0.4240229382782685,0.003802902524744183
1.0495,14,0.2918158639005862,0.001445379497389874
1.099,3,1.0889063163622157,0.08902758218316587
1.099,3.73846786581814,0.9628856412363681,0.055862525841487945
1.099,4.6587139945849465,0.8472500569032073,0.034707390625444236
1.099,5.805484188264362,0.7396332343904943,0.02122556149538726
1.099,7.234538694447208,0.6370915024133946,0.012637395596346015
1.099,9.015363477736273,0.5353870027091265,0.007161717825295773
1.099,11.234548886729174,0.42703663533204417,0.003656279861982988
1.099,14,0.29323864356697565,0.0013835000139658996
1.1485,3,1.0980894767441518,0.08556159373701772
1.1485,3.73846786581814,0.9711828876962391,0.053707266872359175
1.1485,4.6587139945849465,0.8546367110516819,0.03337503269573816
1.1485,5.805484188264362,0.7460636125289662,0.02040976160858403
1.1485,7.234538694447208,0.6424907412382387,0.012146399585888153
1.1485,9.015363477736273,0.539639947682916,0.006876217456248985
1.1485,11.234548886729174,0.429972884871865,0.0035030889107354976
1.1485,14,0.29462016482682923,0.001319840836878345
1.198,3,1.106257954135417,0.08179107846686817
1.198,3.73846786581814,0.9787223078528612,0.05137356445183186
1.198,4.6587139945849465,0.861478708210812,0.03194018475815896
1.198,5.805484188264362,0.7521201937979194,0.01953666497033048
1.198,7.234538694447208,0.64764665407267,0.01162464731362818
1.198,9.015363477736273,0.5437427692250083,0.006575338646865897
1.198,11.234548886729174,0.43282068463775575,0.003343295423900182
1.198,14,0.29595611248891024,0.0012544142224432393
1.2475,3,1.1134216462462103,0.07774000758403496
1.2475,3.73846786581814,0.9854930848316866,0.04887198993541903
1.2475,4.6587139945849465,0.8677550934237422,0.03040708629764387
1.2475,5.805484188264362,0.7577792580174828,0.01860773418754342
1.2475,7.234538694447208,0.6525374642607263,0.011072522488487826
1.2475,9.015363477736273,0.5476783166472234,0.006259135675547267
1.2475,11.234548886729174,0.43556888719268405,0.00317690753976494
1.2475,14,0.2972420891842453,0.0011872415506325484
1.297,3,1.119621493209069,0.073437271539022
1.297,3.73846786581814,0.9915055342527593,0.04621595873363639
1.297,4.6587139945849465,0.8734579474462214,0.028781490833691463
1.297,5.805484188264362,0.7630241145553254,0.017625174046662796
1.297,7.234538694447208,0.6571444486783826,0.010490741282926796
1.297,9.015363477736273,0.5514302710901269,0.00592779667849672
1.297,11.234548886729174,0.43820630998808635,0.003003979393181593
1.297,14,0.2984736459310304,0.0011183539584386927
1.3465,3,1.1249224437656347,0.06891432538952445
1.3465,3.73846786581814,0.9967880914172914,0.04342078094708333
1.3465,4.6587139945849465,0.878591532646178,0.027070331757599552
1.3465,5.805484188264362,0.7678451717073796,0.01659183688417327
1.3465,7.234538694447208,0.6614522388795357,0.009880336556621886
1.3465,9.015363477736273,0.5549833819465992,0.005581646366106957
1.3465,11.234548886729174,0.44072185121545004,0.0028246141432885694
1.3465,14,0.29964631653985657,0.001047792901122724
1.396,3,1.1294054103384352,0.06420301457188456
1.396,3.73846786581814,1.0013832549416737,0.040502697185457855
1.396,4.6587139945849465,0.8831706822336748,0.02528134557048596
1.396,5.805484188264362,0.7722395873634872,0.01551110090111403
1.396,7.234538694447208,0.6654489501644834,0.009242630514622487
1.396,9.015363477736273,0.5583236617448004,0.005221145227820025
1.396,11.234548886729174,0.44310460835029153,0.0026389662890828045
1.396,14,0.3007556555464096,0.0009756106154153679
1.4455,3,1.1331594886169112,0.05933383013106556
1.4455,3.73846786581814,1.0053431175784349,0.037478010234919805
1.4455,4.6587139945849465,0.8872186866508133,0.02342269538584953
1.4455,5.805484188264362,0.7762105622981719,0.014386733831983333
1.4455,7.234538694447208,0.6691261359566975,0.008579198229595311
1.4455,9.015363477736273,0.5614385299373224,0.00484688533424855
1.4455,11.234548886729174,0.4453439961229474,0.0024472431655087586
1.4455,14,0.30179728534408323,0.0009018705843344612
1.495,3,1.1362753254753997,0.05433470130986715
1.495,3.73846786581814,1.0087250508629237,0.03436238879804698
1.495,4.6587139945849465,0.8907649434173707,0.021502629454614224
1.495,5.805484188264362,0.7797663677225516,0.013222754644542681
1.495,7.234538694447208,0.6724785800955332,0.007891825145754228
1.495,9.015363477736273,0.5643168997956257,0.004459583074747418
1.495,11.234548886729174,0.44742986107379423,0.0022497055742704704
1.495,14,0.3027669111179309,0.0008266471689569077
1.5445,3,1.138840067500272,0.04923031471259739
1.5445,3.73846786581814,1.011587936427563,0.031170374567712045
1.5445,4.6587139945849465,0.8938426225376742,0.019529200338869377
1.5445,5.805484188264362,0.7829192118229225,0.0120233044377407
1.5445,7.234538694447208,0.6755039521855318,0.007182461963316041
1.5445,9.015363477736273,0.566949206867317,0.004060069361124751
1.5445,11.234548886729174,0.4493525874092557,0.002046667288541116
1.5445,14,0.3036604190910934,0.0007500267124513928
1.594,3,1.1409339415824986,0.04404187376469255
1.594,3.73846786581814,1.0139891516880113,0.027915088405010443
1.594,4.6587139945849465,0.8964865243824051,0.01751005557822901
1.594,5.805484188264362,0.785684046327244,0.010792534955063634
1.594,7.234538694447208,0.6782023595628147,0.006453180179721016
1.594,9.015363477736273,0.5693273817385847,0.003649277962245442
1.594,11.234548886729174,0.45110319762219997,0.0018384939998643624
1.594,14,0.30447387729021497,0.0006721064800058894
1.6435,3,1.1426282702800814,0.03878718110678466
1.6435,3.73846786581814,1.0159823566810364,0.024608107944033335
1.6435,4.6587139945849465,0.898731247132504,0.015452301615952827
1.6435,5.805484188264362,0.7880774026116527,0.009534520239468389
1.6435,7.234538694447208,0.6805758332393808,0.005706131108407367
1.6435,9.015363477736273,0.5714447737005446,0.003228232697285561
1.6435,11.234548886729174,0.45267343798471316,0.00162560089115528
1.6435,14,0.3052035996148848,0.0005929946977577818
1.693,3,1.1439846066385633,0.03348092829411479
1.693,3.73846786581814,1.0176160159223437,0.02125947812446246
1.693,4.6587139945849465,0.9006097109189254,0.013362434389933718
1.693,5.805484188264362,0.790116312600007,0.008253192857250317
1.693,7.234538694447208,0.682627784725896,0.004943510520618772
1.693,9.015363477736273,0.5732960349883153,0.0027980342050279695
1.693,11.234548886729174,0.4540558538279428,0.0014084495788435907
1.693,14,0.3058461908128292,0.0005128100174613596
1.7425,3,1.1450546524052938,0.02813509711885119
1.7425,3.73846786581814,1.0189325264381546,0.017877815134076876
1.7425,4.6587139945849465,0.9021520349965937,0.011246325756992569
1.7425,5.805484188264362,0.7918173676526185,0.006952305404461837
1.7425,7.234538694447208,0.684362466891646,0.004167530284645016
1.7425,9.015363477736273,0.5748769773284009,0.0023598469301465345
1.7425,11.234548886729174,0.4552438518930827,0.001187544198242906
1.7425,14,0.3063985902900088,0.00043168079917604765
1.792,3,1.1458806598777154,0.022759403102484324
1.792,3.73846786581814,1.019967801066153,0.014470469275831942
1.792,4.6587139945849465,0.9033847302120469,0.009109253439821892
1.792,5.805484188264362,0.793195924209332,0.005635414235794837
1.792,7.234538694447208,0.6857844662671378,0.0033803976189639264
1.792,9.015363477736273,0.5761844135285715,0.0019148868394554812
1.792,11.234548886729174,0.4562317504484881,0.0009634267854318309
1.792,14,0.3068581132404514,0.00034974420617097036
1.8415,3,1.1464960780808684,0.017361736770265646
1.8415,3.73846786581814,1.02075116126644,0.011043720037452968
1.8415,4.6587139945849465,0.9043301511847512,0.00695596275019746
1.8415,5.805484188264362,0.7942654633884775,0.0043058826141798975
1.8415,7.234538694447208,0.6868982476860128,0.0025843019086084756
1.8415,9.015363477736273,0.5772159968425772,0.0014644102201644593
1.8415,11.234548886729174,0.4570148181001188,0.0007366720622897643
1.8415,14,0.30722248789251627,0.0002671451186624532
1.891,3,1.146926267212961,0.011948578750342762
1.891,3.73846786581814,1.0213054136718271,0.007602984806358122
1.891,4.6587139945849465,0.9050061475635401,0.0047907500847016145
1.891,5.805484188264362,0.7950370951330595,0.00296689956641833
1.891,7.234538694447208,0.6877077659224979,0.001781408499216732
1.891,9.015363477736273,0.577970069999655,0.0010097037376186363
1.891,11.234548886729174,0.45758930262895414,0.00050788173435652
1.891,14,0.30748988783886855,0.00018403488200757954
1.9405,3,1.147189160279369,0.006525379723584812
1.9405,3.73846786581814,1.0216470103491184,0.00415302991409072
1.9405,4.6587139945849465,0.9054258574610985,0.002617560396840706
1.9405,5.805484188264362,0.7955191925028364,0.0016215108211958267
1.9405,7.234538694447208,0.6882161536939235,0.0009738584899975508
1.9405,9.015363477736273,0.5784455343101209,0.0005520757593652499
1.9405,11.234548886729174,0.45795245138679486,0.0002776784086251048
1.9405,14,0.3076589585566976,0.00010056991195395376
1.99,3,1.147295793706262,0.0010969063652134015
1.99,3.73846786581814,1.0217862186945381,0.000698178447820882
1.99,4.6587139945849465,0.905597595236338,0.00044009302000987897
1.99,5.805484188264362,0.7957171402466631,0.00027265846679068163
1.99,7.234538694447208,0.6884254913986841,0.00016377328162308364
1.99,9.015363477736273,0.578641747347883,0.00009284879988488294
1.99,11.234548886729174,0.4581025247612056,0.00004669923222228721
1.99,14,0.3077288373803406,0.000016910185319355496
