Month_ID,Month_Name,Group_ID,Group_Name,GIG_b0,GIG_c,GIG_mu,LogNorm_mu,LogNorm_sigma,BIC_GIG,BIC_LogNorm,Delta_BIC
0,January,0,Diatoms,5.256306765194234,709.6062892565114,0.4664222425732244,3.9495465664353295,1.503030493565522,997.4775190665612,988.4243423181736,-9.053176748387614
0,January,1,Dinoflagellates,0.4669313166088014,1.0,1.0701047938121186,0.24405477634916767,0.7169884682402259,140.5360722483015,136.88644946987665,-3.649622778424856
0,January,2,Coccolithophores,1.3700728256335446,13.587634451247432,2.630153179761723,3.9458393031542394,0.5086523028285889,807.2115534727617,803.6197819189739,-3.591771553787794
1,February,0,Diatoms,20.84953847267684,4652.915763142037,0.38938105096237274,5.132480048921913,1.5802563631730409,1191.560732307348,1183.6165740384236,-7.9441582689244115
1,February,1,Dinoflagellates,1.8460442406792736,18.528357583334593,-0.14440401706031983,0.5757820186919846,0.8710674578973824,197.75727573199492,195.47051778161313,-2.286757950381798
1,February,2,Coccolithophores,190.23285217022425,39.85528780590944,-0.14749855988025778,4.200544832983703,0.45084908798883944,822.7229440846181,816.3154403261814,-6.4075037584367465
2,March,0,Diatoms,43.86422616550381,25961.218181161574,0.34210972557606745,6.7376335844151996,1.5728416939490983,1725.609076982379,1676.023318428346,-49.585758554032964
2,March,1,Dinoflagellates,0.5493486971601607,28.26593084469711,0.6951675032741976,2.0579359970093796,1.2842706858000188,375.33318649873576,371.0385044614521,-4.294682037283678
2,March,2,Coccolithophores,31.476910702490894,83.16097385465025,0.46704539959435515,3.8941901213652725,0.7668694515168724,956.6776269632155,944.6462154536621,-12.031411509553436
3,April,0,Diatoms,28.731322467313397,10072.809227620612,0.7936214325430229,7.929912486038233,1.5159334593538956,1821.196022742063,1821.6794929538844,0.4834702118214409
3,April,1,Dinoflagellates,7.879297049202628,129.7162493318069,0.474862534765286,3.40270035757577,1.0915859160580865,661.6945535605591,653.4442068524847,-8.250346708074403
3,April,2,Coccolithophores,5.567452000328996,33.10154487271788,1.1336780755903084,3.5997955270933497,0.8041897205157961,819.1247585183088,811.9486872584068,-7.17607125990196
4,May,0,Diatoms,45.617308973722906,13566.22417150523,0.825333688317071,8.391031582361236,1.4695154841985296,2036.2660096567704,2044.388018737653,8.122009080882663
4,May,1,Dinoflagellates,13.192461875495347,176.1323011319008,0.6272611383485736,4.165672924952304,1.0392229464345566,914.6341022008965,905.1103382165822,-9.5237639843142
4,May,2,Coccolithophores,48.24793734123432,103.95620344420246,0.28954706317235357,4.021132664407149,0.758862139138869,723.053350309074,718.06868416664,-4.98466614243398
5,June,0,Diatoms,74.40474845145422,108796.84518534582,0.3550523740316891,7.810180318068636,1.6463576546045409,2149.31188445025,2067.40795075179,-81.90393369846015
5,June,1,Dinoflagellates,2.3985351751983943,116.3560618460948,0.7579932666669165,3.690803207550288,1.1458022415577014,925.6838491490371,907.4186411359466,-18.2652080130905
5,June,2,Coccolithophores,,,,3.779882055836188,1.1219187456906066,,929.7442664432168,
6,July,0,Diatoms,0.7803893081214479,8160.609597177457,0.8618881493814188,7.879006403718172,1.4706047750019002,2079.8743455146605,2077.572460752787,-2.30188476187368
6,July,1,Dinoflagellates,1.453224115716862,44.86114762927507,0.8181705201815381,3.0112734709906164,1.1308860784627945,684.5590962999793,679.1528508249612,-5.406245475018068
6,July,2,Coccolithophores,9.11626093333117,451.9942877934652,0.4021577249595907,3.814758268391275,1.3226815475066256,1014.0262666713985,1008.7024546933166,-5.323811978081949
7,August,0,Diatoms,92.80167791870794,23012.43903831104,0.5811700909281659,7.819964722872321,1.8720197951366355,2009.0988268955896,1997.7085107328182,-11.390316162771342
7,August,1,Dinoflagellates,1.2249056253899961,65.74932528117768,0.6532033283113365,2.7460270966273734,1.3115063206863962,462.8818945603931,457.285386080186,-5.596508480207092
7,August,2,Coccolithophores,8.924636833177543,2010.6406113453563,0.35377738681751025,4.1000842621390134,1.5415044965687703,1146.2999240698368,1135.6327075654106,-10.667216504426278
8,September,0,Diatoms,14.03280513948215,9390.503404261726,0.6996441533094349,7.284074937611704,1.7502165127662388,1854.538923310885,1858.2224626632421,3.6835393523572293
8,September,1,Dinoflagellates,4.053126501366981,59.38534837973456,0.3599420783721454,2.4121775391866587,1.0812328140437857,408.9963602958158,404.41019962589064,-4.586160669925164
8,September,2,Coccolithophores,6.179481695419874,527.2149691653042,0.5959432004953842,4.362570465515681,1.4596544556000581,1218.937086295529,1200.6486958034936,-18.288390492035433
9,October,0,Diatoms,71.1813430066482,3495.7442928030214,0.7076853724588577,6.950953926044777,1.3111426140424445,1708.4094511598316,1699.2609939225456,-9.148457237286038
9,October,1,Dinoflagellates,3.384128114910938,121.8235573167009,0.15602064963454026,1.9749582620333397,1.113564729282348,291.4778128442415,285.7815615361628,-5.696251308078672
9,October,2,Coccolithophores,39.927211843762905,2903.5743291254003,0.289208232946822,5.011650723529532,1.3183948096570302,1313.5947483744674,1306.8183998328982,-6.7763485415691775
10,November,0,Diatoms,4.117820978814146,1368.5674616517863,0.7147276150767454,5.571956396385057,1.600578399215317,1363.388326960814,1364.044425949526,0.6560989887118467
10,November,1,Dinoflagellates,1.5690026402416648,16.91939224950953,0.11765509467577188,0.8637089116391443,0.9719045299971403,279.6427192192948,276.5821679994299,-3.0605512198649194
10,November,2,Coccolithophores,57.42764644693716,3525.9036837426793,-0.14400884631405392,4.16771288473107,0.8774863316460003,1008.9774000907313,988.1675261951616,-20.809873895569694
11,December,0,Diatoms,5.366031635162336,1125.9029106122646,0.42257296015288914,3.930931536812947,1.6928935135035659,1025.8655153421741,1029.0634943161826,3.1979789740084925
11,December,1,Dinoflagellates,1.6147817032080334,17.54918800162838,-0.22921584519956528,0.32851253149822607,0.826915149668448,194.46320935514584,190.36451082773266,-4.098698527413177
11,December,2,Coccolithophores,0.0001,15.083663943234155,2.23526729617159,3.80703492839367,0.6103728256473487,822.7655327867843,829.9975180277252,7.231985240940844
