Month_ID,Month_Name,Group_ID,Group_Name,x,y,y_low,y_high
0,January,0,Diatoms,1,51.91068643799937,11.44552367884882,235.4387131664493
0,January,1,Dinoflagellates,1,1.2764363723896128,0.618571888691986,2.6339538581431543
0,January,2,Coccolithophores,1,51.720139181699736,31.005075064040977,86.275320780525
1,February,0,Diatoms,2,169.44790461851332,34.56232530209821,830.7482823750202
1,February,1,Dinoflagellates,2,1.7785773000929963,0.7379419332223239,4.2867020696234865
1,February,2,Coccolithophores,2,66.71932572144664,42.39173216534889,105.00793898587457
2,March,0,Diatoms,3,843.6011496705236,173.58625027829615,4099.765382249344
2,March,1,Dinoflagellates,3,7.830007944713177,2.139022618443296,28.662167424339817
2,March,2,Coccolithophores,3,49.114004402008405,22.716760798155,106.18527218002016
3,April,0,Diatoms,4,2779.139862628999,605.3226571164695,12759.506496660735
3,April,1,Dinoflagellates,4,30.04520336969722,10.001335269255874,90.25937249613166
3,April,2,Coccolithophores,4,36.591058027523964,16.29422880792598,82.17053678062652
4,May,0,Diatoms,5,4407.246771863949,1006.377116667605,19300.741030780704
4,May,1,Dinoflagellates,5,64.43502107365353,22.64313831411551,183.36115264437257
4,May,2,Coccolithophores,5,55.76389071739898,25.96346069924192,119.76876056560553
5,June,0,Diatoms,6,2465.639377905176,471.53840623228217,12892.645565082328
5,June,1,Dinoflagellates,6,40.077733851248425,12.658108884882646,126.89294785335507
5,June,2,Coccolithophores,6,43.81071951285652,14.174368154393706,135.41197204188802
6,July,0,Diatoms,7,2641.1874128202307,602.7036454409293,11574.296924214836
6,July,1,Dinoflagellates,7,20.312712050222757,6.505303156716165,63.426140318961835
6,July,2,Coccolithophores,7,45.36539461654571,11.998459846888192,171.5236001101144
7,August,0,Diatoms,8,2489.804742396004,379.41272431562675,16338.744744102694
7,August,1,Dinoflagellates,8,15.5805898420203,4.143030024327246,58.593536228279014
7,August,2,Coccolithophores,8,60.345664817500925,12.812578675265037,284.22063618593484
8,September,0,Diatoms,9,1456.965204240695,250.9095680254937,8460.209879889666
8,September,1,Dinoflagellates,9,11.158360840408152,3.74406579032913,33.25502905594212
8,September,2,Coccolithophores,9,78.45659287412468,18.08858441125431,340.2940122603722
9,October,0,Diatoms,10,1044.1216176333578,279.50532818834785,3900.426369241387
9,October,1,Dinoflagellates,10,7.206323606501307,2.3331885953501397,22.25756633009118
9,October,2,Coccolithophores,10,150.15106851901095,39.90227375715143,565.0140018238951
10,November,0,Diatoms,11,262.95479978327575,52.58989867722943,1314.800531437445
10,November,1,Dinoflagellates,11,2.3718835870915447,0.8901133734030457,6.320354146804693
10,November,2,Coccolithophores,11,64.56831601615767,26.7170297394597,156.04531917726243
11,December,0,Diatoms,12,50.95322051137603,9.283317835597279,279.6662493365845
11,December,1,Dinoflagellates,12,1.388855434135049,0.6031679242447403,3.1979807602364816
11,December,2,Coccolithophores,12,45.01471476887307,24.363683055436077,83.16987793316747
