Group_ID,Group_Name,x,y,y_low,y_high,intercept
0,Diatoms,1.6166632302368975,1.303971428571429,0.05555968259989637,30.60387329379354,0.28531766830804706
0,Diatoms,3.1599755831927854,608.0615287344021,4.8093405195961925,76879.31873825035,0.28531766830804706
0,Diatoms,5.332517227147143,10.62567762711021,1.0255609207665357,110.09099776430806,0.28531766830804706
0,Diatoms,9.7769493626596,274.02914897379117,1.5152871439853277,49556.267130863576,0.28531766830804706
0,Diatoms,15.103199555258666,57.4963377917784,0.9895517275043866,3340.733756085155,0.28531766830804706
0,Diatoms,23.673441408979706,569.3476491974765,4.0818876077899,79413.44220944986,0.28531766830804706
0,Diatoms,42.82276929989352,1746.6945892272106,18.186566376710534,167757.99921983108,0.28531766830804706
0,Diatoms,70.72304333119455,2712.5802784511175,64.34030997633035,114362.08140353777,0.28531766830804706
0,Diatoms,124.75440595150405,4897.230326790327,92.56403212485644,259094.85923522906,0.28531766830804706
0,Diatoms,220.03576952670537,17979.56898907549,448.236527450275,721192.6767141627,0.28531766830804706
0,Diatoms,381.5005357301136,97667.4533165142,2406.7839690411256,3963351.742422415,0.28531766830804706
0,Diatoms,623.8868263864188,87985.80359952625,2835.568613518724,2730140.825422596,0.28531766830804706
0,Diatoms,1086.4883178633552,189693.94575810703,10674.427688979098,3371027.853271368,0.28531766830804706
0,Diatoms,1872.7039270177365,436784.95773573086,31803.402332340105,5998763.821259574,0.28531766830804706
0,Diatoms,3129.3387972374067,374936.09361076175,24724.069542975147,5685838.815804499,0.28531766830804706
0,Diatoms,5480.037249637661,2196730.615029468,314716.13443852874,15333263.429969778,0.28531766830804706
0,Diatoms,9273.346657342481,2710580.621849328,273687.36040233076,26845402.347935826,0.28531766830804706
0,Diatoms,15743.331064794522,7977535.392587023,638864.7767570874,99615870.61196917,0.28531766830804706
0,Diatoms,27355.122810387136,27369238.763332162,6051083.143101051,123791924.9776491,0.28531766830804706
0,Diatoms,40501.44570394973,132099505.63976653,63842294.68807439,273334150.5898344,0.28531766830804706
1,Dinoflagellates,0.5712833500776046,0.17111425442435382,0.02383468183974529,1.2284656562260787,0.12316961444423745
1,Dinoflagellates,1.2601100495783129,0.23396092738531668,0.035973794421780246,1.5215997206526706,0.12316961444423745
1,Dinoflagellates,2.2838001035938773,0.40596689388789764,0.03246586412211979,5.076381713206857,0.12316961444423745
1,Dinoflagellates,4.3645225361629025,4.663470734971188,0.33596948026702006,64.73194910040039,0.12316961444423745
1,Dinoflagellates,10.633369873185744,34.880158783668534,3.599184775051771,338.0280682467684,0.12316961444423745
1,Dinoflagellates,21.36843719012618,73.98596513588852,7.167947078133119,763.6667761942495,0.12316961444423745
1,Dinoflagellates,38.50595318472875,102.44214920479985,11.88099166265287,883.29276138514,0.12316961444423745
1,Dinoflagellates,89.36395970826723,427.436080052789,118.76207719176004,1538.383353095903,0.12316961444423745
1,Dinoflagellates,186.70050221990286,1783.782679872637,459.7070725910899,6921.539473124212,0.12316961444423745
1,Dinoflagellates,445.73125462488764,11465.728122928329,2288.143156736167,57453.97572782542,0.12316961444423745
2,Coccolithophores,0.66,0.9881285714285714,0.9881285714285714,0.9881285714285714,0.19685015446012227
2,Coccolithophores,3.0729730320145388,30.352492054086376,2.03213604722021,453.3524097235521,0.19685015446012227
2,Coccolithophores,6.306014203392391,50.403260405593834,1.3575336066327792,1871.40019746216,0.19685015446012227
2,Coccolithophores,13.446360328395592,85.25690906530771,6.734390796630864,1079.3464120030892,0.19685015446012227
2,Coccolithophores,34.17730078851424,72.9915494831053,3.829070120079397,1391.3995118569771,0.19685015446012227
2,Coccolithophores,73.84626545237612,113.0219618538512,13.520684839542882,944.7719559244799,0.19685015446012227
2,Coccolithophores,162.93793867089238,1630.521584770277,210.5048598582831,12629.640190690177,0.19685015446012227
2,Coccolithophores,408.72641961071946,8779.656620352744,1065.9345374594177,72314.3567099574,0.19685015446012227
2,Coccolithophores,913.0242447194638,40626.8950229024,11724.147492554794,140781.63041279372,0.19685015446012227
2,Coccolithophores,2269.966175438516,507082.9724756755,297700.570762034,863730.7624791396,0.19685015446012227
