Group_ID,Group_Name,x,y,y_low,y_high
0,Diatoms,12.1391132431124,85.61110197509123,2.7867603028777816,2630.029132330048
0,Diatoms,20.093046696403608,170.8041053001659,5.698586232773073,5119.522842281069
0,Diatoms,30.533699907066737,235.2714887106882,8.616637750985685,6423.929495447519
0,Diatoms,44.10142586758898,439.7865612779457,13.776745493368633,14039.035530835507
0,Diatoms,66.08784770473109,795.1380129104485,44.37452301334406,14247.915620074416
0,Diatoms,101.57188458208874,1528.60406524803,103.07287365753041,22669.692862706866
0,Diatoms,153.85442417294072,2539.0774822302924,219.6547843497235,29350.211878401256
0,Diatoms,237.24888167116129,5771.894711808468,577.4351370501912,57694.39098283832
0,Diatoms,355.5891206401904,11086.298786112135,945.4899166004152,129991.88951360791
0,Diatoms,541.4658887252984,22748.61798342693,2692.193775016702,192222.2779646256
0,Diatoms,815.1949390090215,42534.08233003982,5219.14593468884,346636.8218666154
0,Diatoms,1228.581089392098,126563.99344411718,20930.948591466502,765299.4973698048
0,Diatoms,1896.7579295398318,258898.4151309354,39153.04544966157,1711958.510187604
0,Diatoms,2957.6082225851183,599697.0122756166,151581.15626862756,2372567.378328769
0,Diatoms,4385.2846089164295,1261196.6157400005,291329.5430279789,5459854.455616502
0,Diatoms,6541.875123920733,4473037.454197026,1585513.855950479,12619293.102711508
0,Diatoms,9862.06290127708,6952662.725680989,2579237.8720757104,18741783.958906934
0,Diatoms,14612.67763878063,12844074.506399803,2138341.627367238,77148687.47566004
0,Diatoms,24330.40166038165,24185796.999398462,2709365.296655867,215900298.57476664
0,Diatoms,34526.894650871385,94960334.46603793,33948093.922025315,265625078.76329735
1,Dinoflagellates,11.042312656584008,32.985582652554996,5.432738030529963,200.27629839946434
1,Dinoflagellates,20.491490323748128,47.55687638318488,9.600365704234003,235.58024360760328
1,Dinoflagellates,32.892384493117646,81.46192700228444,20.9709020341581,316.4406347479241
1,Dinoflagellates,45.74372639256928,93.85344913284956,45.463340293607665,193.74885033185487
1,Dinoflagellates,67.32584541954043,277.3761425822592,77.45852706058633,993.2737865468958
1,Dinoflagellates,103.46436126279126,990.5165347385223,209.09296565673768,4692.281265937437
1,Dinoflagellates,153.29426325849295,2181.568578824114,586.2507944879469,8118.098105554914
1,Dinoflagellates,226.37232906497573,1960.1204471365227,704.5968851995549,5452.865671119927
1,Dinoflagellates,564.5209508955362,29605.325142857135,13714.42033119758,63909.02828174821
2,Coccolithophores,13.792595804596399,38.304941206150026,3.55928052936839,412.2373914334265
2,Coccolithophores,29.10429063592569,50.5873045727483,4.454132898475484,574.5395214435331
2,Coccolithophores,56.35180145982609,76.841805719237,7.293964973749374,809.5272087874785
2,Coccolithophores,106.82186036502296,436.0306887942772,57.39497178819961,3312.533409233263
2,Coccolithophores,215.2100827145662,3442.5156617794983,751.2244441860589,15775.463875429961
2,Coccolithophores,421.46809527047066,10523.806813303723,1198.1356339068147,92435.70319547926
2,Coccolithophores,902.2866643604182,37624.827298936834,7807.782087737266,181309.8282415152
2,Coccolithophores,1752.909183321406,292619.5283059753,106312.1161683557,805422.6689497366
2,Coccolithophores,3645.587113363674,857723.137559965,221746.81255478528,3317698.109071803
2,Coccolithophores,8463.43937179207,7891805.571428569,3178673.0183897037,19593268.894572232
