Group_ID,Group_Name,x,y
0,Diatoms,6987.0,4688777.285714285
0,Diatoms,4131.0,1165248.0
0,Diatoms,3043.0,169106.2857142857
0,Diatoms,10948.0,8927003.57142857
0,Diatoms,1139.0,25506149.14285714
0,Diatoms,2122.97,12099.780128571447
0,Diatoms,1577.6,78482.49142857142
0,Diatoms,2910.4,299694.65142857144
0,Diatoms,557.6,790809.6914285716
0,Diatoms,571.1999999999999,26.42285714285679
0,Diatoms,5745.999999999999,3825507.8628571415
0,Diatoms,3719.6000000000004,31784.493728571433
0,Diatoms,6278.53,935446.1064142853
0,Diatoms,2024.23,12440275.9047
0,Diatoms,2401.63,20347.25142857144
0,Diatoms,115.6,746561.8801285715
0,Diatoms,2012.7800000000002,514184.5646285716
0,Diatoms,11220.0,12110414.30405714
0,Diatoms,1047.2,14783694.262857141
0,Diatoms,61.199999999999996,138885.14285714287
0,Diatoms,2447.39,813414.6737285714
0,Diatoms,2790.4599999999996,16813.860699999972
0,Diatoms,591.6,690712.1856571427
0,Diatoms,3122.11,914782.9800142859
0,Diatoms,486.20000000000005,458649.6057142857
0,Diatoms,181.61,13253.58115714286
0,Diatoms,651.42,130043.83
0,Diatoms,969.0000000000001,14408.150914285729
0,Diatoms,444.15,39352.50321428573
0,Diatoms,5754.4800000000005,4028514.958414287
0,Diatoms,178.98000000000002,4440885.75
0,Diatoms,48.7,142.56115714285718
0,Diatoms,17.45,139.5089285714286
0,Diatoms,56.97,223.1186285714285
0,Diatoms,400.08000000000004,16817.78172857143
0,Diatoms,18.44,37.21422857142858
0,Diatoms,288.85999999999996,10754.912057142852
0,Diatoms,244.8,277.32622857142786
0,Diatoms,20.840000000000003,7.303214285714276
0,Diatoms,15.139999999999999,4.641428571428579
0,Diatoms,23.7,10.467657142857144
0,Diatoms,473.76,28936.28622857143
0,Diatoms,2899.3599999999997,840505.0514285711
0,Diatoms,11646.6,17580027.9375
0,Diatoms,918.5100000000001,16441702.149728572
0,Diatoms,2390.33,309464.87319999986
0,Diatoms,3980.8999999999996,361416.1321285713
0,Diatoms,1710.7999999999997,24666145.20241428
0,Diatoms,1579.1999999999998,2474.0799999999967
0,Diatoms,8817.199999999999,7484091.999999998
0,Diatoms,786.31,23170750.378300004
0,Diatoms,338.87,1123170.2402285715
0,Diatoms,312.55,16404.696700000008
0,Diatoms,2290.7200000000003,559022.3641285716
0,Diatoms,829.0799999999999,93575.89080000014
0,Diatoms,2381.96,344490.89920000004
0,Diatoms,496.7899999999999,507695.1327
0,Diatoms,10.540000000000001,22.28572857142856
0,Diatoms,14.26,1.9769142857142845
0,Diatoms,57.25,89.28571428571429
0,Diatoms,79.63000000000001,71.55205714285721
0,Diatoms,1691.0400000000002,370948.88401428575
0,Diatoms,36.86,390901.6389142858
0,Diatoms,95.42,489.89622857142865
0,Diatoms,654.71,44686.472014285726
0,Diatoms,2447.7599999999998,459289.75749999983
0,Diatoms,802.76,386574.9999999999
0,Diatoms,1220.59,24940.272699999994
0,Diatoms,144.76,541922.4832
0,Diatoms,368.47999999999996,7150.091199999998
0,Diatoms,1059.38,68191.83000000002
0,Diatoms,296.09999999999997,83228.05120000003
0,Diatoms,822.5000000000001,39585.28000000001
0,Diatoms,5212.21,2752793.412014286
0,Diatoms,5362.7,3235.320014285705
0,Diatoms,6185.2,96643.75
0,Diatoms,29050.7,74690155.75
0,Diatoms,5658.799999999999,78168712.23
0,Diatoms,9014.6,1608770.5200000012
0,Diatoms,486.91999999999996,10388760.883200001
0,Diatoms,2766.57,742400.5889285716
0,Diatoms,375.06,817045.7257285715
0,Diatoms,1029.18,61124.710628571454
0,Diatoms,2534.1899999999996,323579.3000142855
0,Diatoms,9277.8,6496610.833157143
0,Diatoms,2113.68,7332087.910628569
0,Diatoms,1243.62,108143.48622857142
0,Diatoms,5099.5,2123972.9392
0,Diatoms,618.52,2868454.5371999997
0,Diatoms,105.28,37630.756799999996
0,Diatoms,10610.249999999998,15764913.528699992
0,Diatoms,759.99,13861088.866799995
0,Diatoms,3474.81,1052892.5189142856
0,Diatoms,704.06,1096722.2232142857
0,Diatoms,2020.06,247408.0
0,Diatoms,2506.98,33870.15520000001
0,Diatoms,427.04999999999995,618015.543557143
0,Diatoms,585.65,3593.422857142858
0,Diatoms,47.160000000000004,68.70355714285714
0,Diatoms,36.2,17.160228571428572
0,Diatoms,23.369999999999997,23.515557142857165
0,Diatoms,15.8,5.580357142857143
0,Diatoms,2298.95,751134.3886285714
0,Diatoms,635.7000000000002,395200.08035714267
0,Diatoms,201.26000000000002,26962.587657142878
0,Diatoms,63.59,2707.5755571428576
0,Diatoms,219.39000000000001,3467.662857142858
0,Diatoms,54.03,3906.2756571428577
0,Diatoms,1235.1,199275.19212857142
0,Diatoms,2005.7999999999997,84854.06999999996
0,Diatoms,119.25,508438.7003571427
0,Diatoms,3478.620000000001,962708.0575000005
0,Diatoms,750.9399999999999,1062891.1689142862
0,Diatoms,675.8000000000002,806.5742285714234
0,Diatoms,1811.5,184259.2128571428
0,Diatoms,1416.26,22316.379657142857
0,Diatoms,20406.42,51518025.2608
0,Diatoms,3412.16,41257838.992514275
0,Diatoms,4018.2000000000003,52469.21165714293
0,Diatoms,576.09,46116.73555714287
0,Diatoms,823.4000000000001,8737.462300000005
0,Diatoms,32507.939999999995,143415725.00165707
0,Diatoms,4018.2100000000005,115952102.21041426
0,Diatoms,5335.639999999999,247945.972128571
0,Diatoms,1074.6100000000001,2593768.094414284
0,Diatoms,243.75,98618.33422857146
0,Diatoms,12713.34,22212953.5383
0,Diatoms,7734.69,3540993.688928572
0,Diatoms,8332.84,51111.91750000009
0,Diatoms,27732.19,53762111.488928564
0,Diatoms,2048.6200000000003,94235109.7064143
0,Diatoms,4320.59,737406.8115571428
0,Diatoms,21671.940000000002,43009906.68892858
0,Diatoms,1207.55,59827322.581728585
0,Diatoms,405.11,91987.13622857141
0,Diatoms,6270.380000000002,4914484.5961285755
0,Diatoms,1528.83,3211756.6289285743
0,Diatoms,2787.4700000000003,226310.66422857155
0,Diatoms,612.6200000000001,675710.3603571431
0,Diatoms,289.85,14882.924700000009
0,Diatoms,2068.42,451901.60641428584
0,Diatoms,266.76,74330.99555714284
0,Diatoms,39.54,7375.561199999999
0,Diatoms,29.650000000000002,13.973157142857135
0,Diatoms,299.72,12580.080357142857
0,Diatoms,170.16,323.81601428571406
0,Diatoms,36.23,2562.4635571428576
0,Diatoms,22.41,343.7003571428573
0,Diatoms,167.97,3026.8162285714284
0,Diatoms,697.93,40122.51451428571
0,Diatoms,4254.129999999999,1806651.2057142851
0,Diatoms,941.9699999999999,1567200.5522285707
0,Diatoms,1949.8000000000002,145103.0441285715
0,Diatoms,6115.28,2478746.232914285
0,Diatoms,711.42,4171671.8427999993
0,Diatoms,223.96,33945.32165714285
0,Diatoms,18212.9,46228851.760514304
0,Diatoms,12031.149999999998,5696454.78605714
0,Diatoms,41502.34,124078720.0023
0,Diatoms,34564.64,6875954.469999994
0,Diatoms,454.22,166217250.3680571
0,Diatoms,830.89,20268.612699999994
0,Diatoms,587.1600000000001,8486.330414285707
0,Diatoms,14271.849999999999,26752962.913728565
0,Diatoms,321.28999999999996,27802589.187657136
0,Diatoms,2005.2,405078.9840142857
0,Diatoms,10257.89,9729556.033728568
0,Diatoms,9291.57,133396.33462857135
0,Diatoms,4254.110000000001,3625143.321657141
0,Diatoms,15110.949999999997,16838710.683657132
0,Diatoms,1927.66,24828447.889157135
0,Diatoms,37630.86,182102641.4628571
0,Diatoms,1251.8600000000001,189061663.0
0,Diatoms,5694.3,2819324.7362285717
0,Diatoms,7045.85,260955.3432142858
0,Diatoms,9848.71,1122289.1685142848
0,Diatoms,36422.94,100884242.8704143
0,Diatoms,49.4,189004916.01880002
0,Diatoms,902.46,103958.76622857145
0,Diatoms,6336.86,4218957.622857142
0,Diatoms,1639.6,240019.20571428564
0,Diatoms,111.98,333374.6949142857
0,Diatoms,82.36,248.88965714285706
0,Diatoms,15.160000000000002,645.12
0,Diatoms,46.09,90.93612857142861
0,Diatoms,19.78,22.39291428571429
0,Diatoms,71.19,377.5697285714285
0,Diatoms,227.26999999999998,3480.1380571428563
0,Diatoms,321.11999999999995,1258.260357142856
0,Diatoms,526.98,6054.048514285719
0,Diatoms,1508.4499999999998,137611.90869999994
0,Diatoms,2720.53,209876.84662857157
0,Diatoms,3722.35,143377.6160571428
0,Diatoms,5627.83,518693.43291428575
0,Diatoms,9068.59,1691261.339657143
0,Diatoms,5184.7,198084774.89430004
0,Diatoms,34088.86,435312.7406285727
0,Diatoms,65.87,165366264.0771571
0,Diatoms,188.33,2142.350228571429
0,Diatoms,3644.8,1706740.694414286
0,Diatoms,5203.9,347256.11571428546
0,Diatoms,243.73000000000002,3514755.2041285713
0,Diatoms,6126.12,4943216.016014284
0,Diatoms,12518.619999999999,5837722.321428569
0,Diatoms,316.19,21271328.272128563
0,Diatoms,919.52,52001.012699999985
0,Diatoms,1139.6000000000001,6919.31520000001
0,Diatoms,2603.43,306114.0384142856
0,Diatoms,7677.37,3677838.1605142867
0,Diatoms,3799.89,2147835.8786285715
0,Diatoms,9449.89,4560357.142857143
0,Diatoms,6924.01,911438.5391999994
0,Diatoms,1225.23,4639441.926914287
0,Diatoms,67.51,191473.6569142857
0,Diatoms,5494.929999999999,4208126.83662857
0,Diatoms,12976.850000000002,7997018.126628578
0,Diatoms,5007.45,9073048.051428577
0,Diatoms,1395.88,1863348.2664142854
0,Diatoms,510.5,111985.39205714289
0,Diatoms,17159.71,39599456.23201428
0,Diatoms,953.5099999999999,37520131.20571428
0,Diatoms,1337.2099999999996,21032.241428571397
0,Diatoms,582.97,3137.605714285716
0,Diatoms,35.129999999999995,42875.52365714286
0,Diatoms,34.26,114.65555714285712
0,Diatoms,59.28,380.21830000000006
0,Diatoms,19.77,223.00572857142862
0,Diatoms,177.84,3481.0299999999997
0,Diatoms,150.42000000000002,107.40805714285705
0,Diatoms,129.12999999999997,64.75201428571458
0,Diatoms,69.84999999999998,502.01691428571405
0,Diatoms,420.97999999999996,17613.182414285715
0,Diatoms,2791.7699999999995,802949.317728571
0,Diatoms,930.5999999999999,494850.5384142855
0,Diatoms,4785.88,2123311.982628572
0,Diatoms,1093.4899999999998,1947677.7017285717
0,Diatoms,6447.650000000001,4095289.9008000013
0,Diatoms,4597.5599999999995,488976.1440142863
0,Diatoms,1100.06,1747500.8928571423
0,Diatoms,10506.619999999999,12640481.57622857
0,Diatoms,4215.84,5653416.144057141
0,Diatoms,1333.9,1186511.1662285714
0,Diatoms,1484.5199999999998,3240.9120571428425
0,Diatoms,34780.5,158374612.02291432
0,Diatoms,20420.370000000003,29459047.659557134
0,Diatoms,1584.2199999999998,50685792.40321429
0,Diatoms,299.12,235926.00142857138
0,Diatoms,432.06,2524.720514285714
0,Diatoms,1053.96,55251.37285714287
0,Diatoms,443.15000000000003,53298.408014285706
0,Diatoms,30070.680000000004,125398647.70012859
0,Diatoms,16105.76,27859855.8009143
0,Diatoms,12021.68,2382815.6352
0,Diatoms,15809.33,2049470.3603571425
0,Diatoms,19629.92,2085272.564014284
0,Diatoms,1983.05,44487431.542414285
0,Diatoms,75.75,519684.7557142857
0,Diatoms,26573.859999999997,100307119.08172855
0,Diatoms,4974.22,66649206.87565712
0,Diatoms,5494.889999999999,3774786.649199999
0,Diatoms,3766.66,426682.70469999977
0,Diatoms,12141.939999999999,10020759.296914283
0,Diatoms,520.3799999999999,19294379.54765714
0,Diatoms,461.1,502.01691428571195
0,Diatoms,87.63,0.560057142857137
0,Diatoms,38.21999999999999,348.7640142857143
0,Diatoms,59.959999999999994,67.51822857142858
0,Diatoms,24.380000000000003,180.84805714285704
0,Diatoms,11.86,0.9881285714285707
0,Diatoms,238.77999999999997,7356.0980571428545
0,Diatoms,59.3,4601.867199999998
0,Diatoms,115.29,447.84001428571446
0,Diatoms,368.86,20142.89285714286
0,Diatoms,296.41999999999996,749.6505142857153
0,Diatoms,6569.49,5621629.603557142
0,Diatoms,513.8199999999999,5238734.164128572
0,Diatoms,6026.660000000001,4341629.266514287
0,Diatoms,38370.55,149446745.76172858
0,Diatoms,4940.98,3034196.900628573
0,Diatoms,16435.12,18873607.762799997
0,Diatoms,632.36,35675317.659657136
0,Diatoms,889.28,9429.698057142854
0,Diatoms,6824.3099999999995,5032083.014414285
0,Diatoms,3212.74,1863348.2664142854
0,Diatoms,3201.6800000000003,17.47479999999839
0,Diatoms,3389.9799999999996,5065.26999999996
0,Diatoms,3279.2,1753.1726285714205
0,Diatoms,60470.649999999994,467265993.30035704
0,Diatoms,3190.58,468715202.74355704
0,Diatoms,4841.27,389253.9251571431
0,Diatoms,37876.509999999995,204911541.88119993
0,Diatoms,4143.33,162561061.8446285
0,Diatoms,3157.3599999999997,138876.69155714294
0,Diatoms,3478.63,14744.916128571469
0,Diatoms,354.52000000000004,1394294.7560142858
0,Diatoms,11853.88,9139611.716628572
0,Diatoms,1661.76,14839901.442057138
0,Diatoms,7023.71,4107215.4003571426
0,Diatoms,39.519999999999996,6968415.708014285
0,Diatoms,2359.71,769040.2337285716
0,Diatoms,2514.8100000000004,3436.572857142873
0,Diatoms,1938.73,47409.738057142924
0,Diatoms,1207.54,5697.155714285711
0,Diatoms,60.949999999999996,187809.8040142857
0,Diatoms,91.13,130.11891428571428
0,Diatoms,10.99,917.4885142857144
0,Diatoms,154.79000000000002,2954.0628571428574
0,Diatoms,174.55,589.1726285714287
0,Diatoms,93.86,716.6984142857136
0,Diatoms,5993.429999999999,1624070.8226285707
0,Diatoms,2060.59,2209604.3522285703
0,Diatoms,952.76,175326.75841428575
0,Diatoms,553.9300000000001,687361.4271999997
0,Diatoms,922.22,19376.789157142855
0,Diatoms,26974.68,96961524.5788
0,Diatoms,2239.65,87403101.30012856
0,Diatoms,2569.03,73839.24622857149
0,Diatoms,2173.7799999999997,22317.50892857148
0,Diatoms,11.08,668181.6128571427
0,Diatoms,121.87,1753.4891571428575
0,Diatoms,32.93,1130.0462285714286
0,Diatoms,424.86,8063016.007557142
0,Diatoms,19054.85,49582361.05715714
0,Diatoms,7799.22,18098458.099557135
0,Diatoms,7422.53,20270.765157142912
0,Diatoms,21046.160000000003,26514756.339557163
0,Diatoms,9222.12,19972560.274514295
0,Diatoms,1261.4699999999998,9053135.488928575
0,Diatoms,17.13,221197.43365714274
0,Diatoms,1956.3999999999999,537252.5904142855
0,Diatoms,826.6899999999999,182320.6691571429
0,Diatoms,2496.54,398342.7174999999
0,Diatoms,72.45,839458.9040142858
0,Diatoms,1432.7099999999998,264329.6096571428
0,Diatoms,10.55,0.06222857142857146
0,Diatoms,474.2699999999999,30719.462628571415
0,Diatoms,18.66,125.5889285714286
0,Diatoms,100.81,8575.700014285714
0,Diatoms,131.73,223.1186285714285
0,Diatoms,4076.8599999999997,762.9552000000175
0,Diatoms,2869.33,208304.10012857133
0,Diatoms,2913.63,280.3557142857166
0,Diatoms,3988.21,164960.31091428568
0,Diatoms,22165.99,68101056.9967
0,Diatoms,15677.58,6014209.189728574
0,Diatoms,5993.4400000000005,13397509.648514284
0,Diatoms,7455.779999999999,305491.18222857075
0,Diatoms,742.26,6438764.398628569
0,Diatoms,7278.88,6103914.432057142
0,Diatoms,5339.8099999999995,537141.7807000004
0,Diatoms,3639.45,413032.0185142855
0,Diatoms,3244.2200000000003,22315.250414285663
0,Diatoms,14590.7,18391801.19862857
0,Diatoms,7278.87,7637551.135557145
0,Diatoms,9320.93,595715.5776571431
0,Diatoms,23.06,12350055.219557146
0,Diatoms,34517.02,164343369.96571428
0,Diatoms,13701.42,61898457.62285714
0,Diatoms,2980.1,16420957.506057141
0,Diatoms,830.8900000000001,659871.9463000001
0,Diatoms,14178.98,25453072.378300004
0,Diatoms,2093.84,20864372.688514285
0,Diatoms,2206.73,1820.5931571428532
0,Diatoms,401.8299999999999,111454.7940571429
0,Diatoms,3306.81,1205558.4000571428
0,Diatoms,2160.61,187682.0628571428
0,Diatoms,279.94,505274.23555714294
0,Diatoms,271.73999999999995,9.605714285714393
0,Diatoms,202.56,683.6960571428561
0,Diatoms,777.3000000000001,27824.595557142835
0,Diatoms,203.11999999999998,47097.524628571446
0,Diatoms,106.5,296.6607
0,Diatoms,45.46,532.2687999999999
0,Diatoms,32.94,29.13119999999999
0,Diatoms,60.93,111.9200142857143
0,Diatoms,11.21,353.15405714285714
0,Diatoms,114.19,1514.982914285714
0,Diatoms,176.21,549.4972000000001
0,Diatoms,2167.19,566285.9086285714
0,Diatoms,3855.2999999999997,407102.19601428555
0,Diatoms,3345.7,37098.87999999999
0,Diatoms,1517.74,477348.25165714277
0,Diatoms,1307.27,6328.231557142858
0,Diatoms,3013.33,415805.8176571428
0,Diatoms,2171.3700000000003,101270.9487999999
0,Diatoms,3820.6,388565.65612857125
0,Diatoms,7904.68,2382815.6352000004
0,Diatoms,14162.530000000002,5594383.803214289
0,Diatoms,10572.499999999998,1841187.91441429
0,Diatoms,11692.32,179142.4046285719
0,Diatoms,144.93,19048887.97315714
0,Diatoms,531.76,21376.778414285713
0,Diatoms,476.37,438.29315714285696
0,Diatoms,5895.5599999999995,4195374.322299999
0,Diatoms,658.72,3917784.7407999984
0,Diatoms,13116.84,22172107.70491429
0,Diatoms,13150.080000000002,157.8425142857295
0,Diatoms,13183.3,157.6526285714051
0,Diatoms,8826.869999999999,2711211.763557143
0,Diatoms,7112.339999999999,419944.73155714275
0,Diatoms,19.76,7186384.43662857
0,Diatoms,11214.76,17904003.57142857
0,Diatoms,15941.089999999998,3191170.7526999973
0,Diatoms,388.64,34554100.14321428
0,Diatoms,256.9,2479.3468000000003
0,Diatoms,1854.2999999999997,364526.6799999998
0,Diatoms,59.28,460299.5429142856
0,Diatoms,793.7499999999999,77063.74012857141
0,Diatoms,1475.5400000000002,66405.37201428578
0,Diatoms,441.34000000000003,152795.66285714295
0,Diatoms,2381.87,537950.9544142856
0,Diatoms,5428.42,1325923.843214286
0,Diatoms,1539.92,2160061.75
0,Diatoms,2015.69,32336.727557142854
0,Diatoms,275.59,432564.0014285715
0,Diatoms,23.049999999999997,9110.921657142853
0,Diatoms,13.190000000000001,0.6977285714285719
0,Diatoms,255.25,6648.490414285713
0,Diatoms,71.38,4829.739557142857
0,Diatoms,49.410000000000004,68.95441428571424
0,Diatoms,54.35,3.486228571428568
0,Diatoms,105.39999999999999,372.300357142857
0,Diatoms,141.64,187.61965714285708
0,Diatoms,474.28,15807.0528
0,Diatoms,319.48,3423.2914285714264
0,Diatoms,105.37,6549.013157142858
0,Diatoms,342.52,8034.303214285713
0,Diatoms,797.66,29593.2028
0,Diatoms,620.4100000000001,4488.223214285708
0,Diatoms,125.17,35037.52251428572
0,Diatoms,3035.48,1209986.3280142858
0,Diatoms,2437.28,51120.462857142826
0,Diatoms,8991.56,6136940.90262857
0,Diatoms,10497.050000000001,323785.73430000065
0,Diatoms,487.45000000000005,14313156.022857144
0,Diatoms,16528.980000000003,36761526.39155715
0,Diatoms,21507.27,3540481.6177285677
0,Diatoms,14557.76,6899384.177157143
0,Diatoms,35439.23,62290827.051557146
0,Diatoms,9584.41,95495959.6046286
0,Diatoms,8530.470000000001,158684.21765714246
0,Diatoms,48218.43,225019166.99451426
0,Diatoms,6126.14,253108696.7777286
0,Diatoms,1100.0600000000002,3608782.880914286
0,Diatoms,803.62,12553.810514285728
0,Diatoms,16830.35,36693724.92755713
0,Diatoms,128.42999999999998,39850590.24091428
0,Diatoms,67.21000000000001,535.4126285714281
0,Diatoms,14656.59,30407144.112057146
0,Diatoms,23252.890000000003,10556624.812857151
0,Diatoms,326.05000000000007,75091427.48365717
0,Diatoms,2417.52,624892.3944142855
0,Diatoms,15842.25,25746196.510414284
0,Diatoms,15066.62,85943.12812857125
0,Diatoms,273.35,31262976.756128576
0,Diatoms,6226.0599999999995,5062108.049157142
0,Diatoms,648.84,4443626.13262857
0,Diatoms,19.78,56530.92622857144
0,Diatoms,4220.88,2521320.1728571435
0,Diatoms,447.96,2033560.760914286
0,Diatoms,424.24,80.37691428571408
0,Diatoms,239.8,4859.730514285714
0,Diatoms,969.6700000000002,76101.45955714288
0,Diatoms,279.32,68083.30321428574
0,Diatoms,669.27,21723.000357142857
0,Diatoms,612.61,458.622228571428
0,Diatoms,75.11999999999999,41270.78572857143
0,Diatoms,27.680000000000003,321.5076571428569
0,Diatoms,21.09,6.204014285714292
0,Diatoms,239.8,7551.22972857143
0,Diatoms,210.77999999999997,5320.182914285711
0,Diatoms,144.94,619.2722285714281
0,Diatoms,135.71,12.170414285714259
0,Diatoms,2779.8199999999997,121498.53262857131
0,Diatoms,2799.58,8098.801428571423
0,Diatoms,7666.260000000001,3383510.603200002
0,Diatoms,3755.59,2184762.8355571437
0,Diatoms,4575.379999999999,96007.94915714263
0,Diatoms,19697.41,42177342.72972857
0,Diatoms,2027.35,44604431.48622858
0,Diatoms,2282.16,9275.44801428571
0,Diatoms,9008.04,6462494.539200001
0,Diatoms,4032.5499999999997,3536500.1057285736
0,Diatoms,18641.85,30490235.21285714
0,Diatoms,431.44,47374147.48115714
0,Diatoms,10723.9,15133533.264514282
0,Diatoms,1070.4299999999998,13312783.291557143
0,Diatoms,1208.75,2733.2032000000067
0,Diatoms,18411.28,42275291.20012856
0,Diatoms,20189.83,451891.44321428717
0,Diatoms,372.16,56105720.604128584
0,Diatoms,83.66999999999999,11889.497157142858
0,Diatoms,3799.91,1972919.9625142855
0,Diatoms,6137.460000000001,780591.4289285721
0,Diatoms,125.15,5163981.648014287
0,Diatoms,16.48,1687.0241285714287
0,Diatoms,754.22,77751.47251428572
0,Diatoms,2542.6699999999996,456936.20035714266
0,Diatoms,1567.77,135775.71571428562
0,Diatoms,2055.1899999999996,33939.750914285665
0,Diatoms,816.81,219083.5749142856
0,Diatoms,196.34,54997.5744142857
0,Diatoms,18.47,4519.6767
0,Diatoms,115.97,1358.0357142857142
0,Diatoms,36.91,892.9262285714286
0,Diatoms,59.290000000000006,447.84001428571446
0,Diatoms,18.470000000000002,27.40321428571429
0,Diatoms,13.18,3.9977285714285755
0,Diatoms,10.54,20.128128571428572
0,Diatoms,13.169999999999998,0.9881285714285707
0,Diatoms,46.11,155.00622857142852
0,Diatoms,11.870000000000001,167.48251428571422
0,Diatoms,141.62,2405.0089285714284
0,Diatoms,635.67,34869.34321428571
0,Diatoms,251.63000000000002,21069.531657142852
0,Diatoms,361.0,1708.8281285714277
0,Diatoms,14.510000000000002,17150.760014285715
0,Diatoms,310.21000000000004,40578.05165714287
0,Diatoms,691.66,20786.30035714285
0,Diatoms,11198.28,7500562.331657144
0,Diatoms,28522.67,21560806.80462857
0,Diatoms,31948.010000000002,1676136.302228575
0,Diatoms,3788.8199999999997,3721443.0635571433
0,Diatoms,4043.6299999999997,9275.44801428571
0,Diatoms,1008.1400000000001,1316314.2200142855
0,Diatoms,2481.56,310138.07091428566
0,Diatoms,6735.66,2585338.115714286
0,Diatoms,1850.1,3409813.787657142
0,Diatoms,4664.0199999999995,1131163.6809142854
0,Diatoms,4453.530000000001,6329.434299999933
0,Diatoms,2601.9600000000005,489758.78070000006
0,Diatoms,1521.6399999999999,166727.3289142859
0,Diatoms,31684.520000000004,129971332.84205718
0,Diatoms,540.1400000000001,138567486.5120572
0,Diatoms,2160.32,374997.6046285714
0,Diatoms,797.05,265500.7275571429
0,Diatoms,31.62,83697.58355714285
0,Diatoms,1324.03,238617.65830000004
0,Diatoms,2239.6400000000003,119763.09601428581
0,Diatoms,994.68,221417.9145142859
0,Diatoms,76.43,120454.72321428571
0,Diatoms,777.3,70174.1081285714
0,Diatoms,1903.71,181257.06972857146
0,Diatoms,6503.04,3021976.6355571426
0,Diatoms,1429.42,3677374.2720571426
0,Diatoms,978.2,29085.641200000005
0,Diatoms,159.41999999999996,95771.52691428573
0,Diatoms,23.71,2631.0291571428556
0,Diatoms,15.82,22.428700000000003
0,Diatoms,13.18,0.9956571428571434
0,Diatoms,10.540000000000001,3.9675571428571432
0,Diatoms,141.63,19.024514285714258
0,Diatoms,1340.49,205323.61422857147
0,Diatoms,1706.0900000000001,19094.765714285728
0,Diatoms,503.90999999999997,206462.3932000001
0,Diatoms,770.7,10168.129157142863
0,Diatoms,1207.5500000000002,27262.560357142876
0,Diatoms,9748.989999999998,5577179.024057138
0,Diatoms,11298.55,343019.456228572
0,Diatoms,18880.460000000003,8212194.178300007
0,Diatoms,30476.349999999995,19209237.841728546
0,Diatoms,1523.8200000000002,3463400.919999999
0,Diatoms,6757.84,3913566.4800571436
0,Diatoms,22113.94,33687115.31571428
0,Diatoms,38838.75,39959895.64801429
0,Diatoms,3068.7300000000005,182784904.4000571
0,Diatoms,1196.46,500770.7075571431
0,Diatoms,1406.97,6330.637157142856
0,Diatoms,498.53999999999996,117892.15212857144
0,Diatoms,39303.33,215115960.99201432
0,Diatoms,28850.339999999997,15609285.705728587
0,Diatoms,1650.1100000000001,105693216.00755712
0,Diatoms,10701.75,11704598.098514285
0,Diatoms,10435.849999999999,10100.401428571538
0,Diatoms,181.83,15020703.737199996
0,Diatoms,181.15,0.06605714285714419
0,Diatoms,1495.6,246825.54321428566
0,Diatoms,450.59000000000003,156006.5571571428
0,Diatoms,1548.02,172050.37212857138
0,Diatoms,1284.49,9921.151557142855
0,Diatoms,1600.67,14281.398914285719
0,Diatoms,164.66000000000003,294589.24572857143
0,Diatoms,523.6700000000001,18412.597157142864
0,Diatoms,260.19,9917.387200000006
0,Diatoms,3811.0,1801178.8080142855
0,Diatoms,1870.76,537790.1796571428
0,Diatoms,1488.71,20851.743214285707
0,Diatoms,961.72,39674.06572857143
0,Diatoms,681.7699999999999,11196.00035714287
0,Diatoms,458.47999999999996,7122.6320142857085
0,Diatoms,65.89,22018.129728571424
0,Diatoms,121.85000000000001,447.6800571428572
0,Diatoms,98.81,75.83451428571433
0,Diatoms,57.98,238.1555571428572
0,Diatoms,250.32,5284.953657142857
0,Diatoms,675.1800000000001,25786.574228571437
0,Diatoms,1251.54,47455.835657142845
0,Diatoms,2370.7900000000004,178960.080357143
0,Diatoms,1910.3000000000002,30293.00572857146
0,Diatoms,1541.4099999999999,19439.97601428575
0,Diatoms,1462.37,892.4745142857134
0,Diatoms,6635.99,3823763.4149142853
0,Diatoms,23554.13,40889065.86565714
0,Diatoms,30662.17,7217747.520228566
0,Diatoms,5638.93,89451791.44251427
0,Diatoms,24065.17,48503760.07679999
0,Diatoms,557.48,15073.50412857143
0,Diatoms,2304.3100000000004,435916.435557143
0,Diatoms,2481.58,2639487.7852000003
0,Diatoms,13751.529999999999,18144539.00035714
0,Diatoms,4652.93,11826360.279999997
0,Diatoms,7112.33,864092.6228571426
0,Diatoms,7135.9400000000005,79.63315714286107
0,Diatoms,23554.12,38508090.64462858
0,Diatoms,400.5,76584302.72919999
0,Diatoms,18583.11,47229615.201728575
0,Diatoms,24859.960000000003,5628406.560357147
0,Diatoms,952.74,81650738.30405715
0,Diatoms,3068.7400000000002,639636.5714285715
0,Diatoms,1182.38,508336.29280000005
0,Diatoms,3378.93,689261.7003571427
0,Diatoms,1086.91,750479.3829142854
0,Diatoms,8153.71,7134237.462857143
0,Diatoms,30.32,9427066.441728571
0,Diatoms,1440.2099999999998,283969.9731571428
0,Diatoms,889.26,43363.70035714283
0,Diatoms,1063.54,4339.074057142856
0,Diatoms,1363.55,12858.000014285713
0,Diatoms,1096.7600000000002,10168.129157142836
0,Diatoms,195.0,116167.29965714292
0,Diatoms,247.01999999999998,386.582914285714
0,Diatoms,17.14,12.170414285714287
0,Diatoms,21.08,2.2176571428571403
0,Diatoms,14.491999999999999,6.200249142857141
0,Diatoms,1188.993,197064.65700014285
0,Diatoms,887.9569999999999,12946.096185142862
0,Diatoms,189.70999999999998,69649.83900128568
0,Diatoms,300.377,1749.5978412857153
0,Diatoms,3079.7969999999996,1103596.5051999998
0,Diatoms,12873.103999999996,13701265.999464136
0,Diatoms,1761.4649999999986,17638360.18090299
0,Diatoms,4486.750999999995,21022513.501087014
0,Diatoms,20069.785999999996,34690139.973032154
0,Diatoms,1839.0139999999992,47480149.67371199
0,Diatoms,953.0229999999999,112140.00744014268
0,Diatoms,9948.405999999999,11559559.33095557
0,Diatoms,897.3509999999986,11703085.230432143
0,Diatoms,9239.387999999997,9941368.75848128
0,Diatoms,15005.882999999994,4750352.083574995
0,Diatoms,1816.859,24850050.58179655
0,Diatoms,1285.096,40395.98402414285
0,Diatoms,1262.9379999999978,70.13956628572807
0,Diatoms,5450.573999999996,2505185.0383565696
0,Diatoms,4597.537999999995,103952.91675657166
0,Diatoms,836.5769999999977,2020689.66336014
0,Diatoms,2426.168999999998,360971.81806628586
0,Diatoms,6093.119999999997,1920932.805200142
0,Diatoms,4918.812999999987,196999.56146414616
0,Diatoms,3179.502999999999,432171.3251571372
0,Diatoms,4630.772999999996,300883.51612857013
0,Diatoms,13.833,3045162.137657137
0,Diatoms,16585.45,39231212.85638415
0,Diatoms,2647.737,27751406.238624144
0,Diatoms,1362.6439999999986,6761439.9226565715
0,Diatoms,494.0419999999997,41080.27392914266
0,Diatoms,2127.0549999999985,380961.6368812852
0,Diatoms,470.9859999999988,391794.9332515713
0,Diatoms,833.2839999999997,18751.405829142946
0,Diatoms,500.62899999999985,15808.47843214284
0,Diatoms,490.7479999999998,13.947737285714366
0,Diatoms,231.86700000000002,9574.196022999984
0,Diatoms,44.463,111.9680022857143
0,Diatoms,21.09,78.04244700000001
0,Diatoms,98.8,1276.020014285714
0,Diatoms,110.68999999999998,20.196014285714238
0,Diatoms,21.09,1146.8799999999994
0,Diatoms,19.78,0.24515714285714238
0,Diatoms,148.2,2355.956628571428
0,Diatoms,391.29999999999995,794875.1636571429
0,Diatoms,54.03,1251065.2128571426
0,Diatoms,11100.560000000001,16462797.271557147
0,Diatoms,2570.2099999999996,7339499.529657146
0,Diatoms,5296.21,803423.5457285714
0,Diatoms,12760.419999999998,7959204.4177285675
0,Diatoms,461.1,21610467.494628567
0,Diatoms,2302.25,484261.90321428573
0,Diatoms,11010.52,10833423.770414287
0,Diatoms,240.43,16570691.22972857
0,Diatoms,2127.08,508492.6032142857
0,Diatoms,267.47,494021.3360142857
0,Diatoms,35.92,7659.343214285715
0,Diatoms,44.8,11.264914285714273
0,Diatoms,1798.32,439261.7700571428
0,Diatoms,2387.89,49656.11212857142
0,Diatoms,5517.0599999999995,3098834.3574999995
0,Diatoms,208.18,3892986.522514285
0,Diatoms,1086.8799999999999,110301.95571428568
0,Diatoms,1939.94,103958.76622857146
0,Diatoms,1149.44,40166.437499999985
0,Diatoms,849.76,12829.728914285719
0,Diatoms,15.82,27.403214285714277
0,Diatoms,12.52,1.5557142857142863
0,Diatoms,72.47,513.4289285714286
0,Diatoms,241.1,55.723214285714285
0,Diatoms,171.26,696.8036571428572
0,Diatoms,386.02,6588.836799999999
0,Diatoms,1702.81,247705.12915714286
0,Diatoms,3287.0000000000005,358522.56515714305
0,Diatoms,2082.7700000000004,214872.28805714304
0,Diatoms,885.9600000000002,204622.02515714298
0,Diatoms,6004.51,3742793.443214286
0,Diatoms,2415.8099999999995,4595033.096228573
0,Diatoms,15454.97,24288527.643657144
0,Diatoms,4986.46,15655671.660014281
0,Diatoms,365.59000000000003,3050348.5081285713
0,Diatoms,420.98,438.29315714285696
0,Diatoms,1539.92,178860.96051428575
0,Diatoms,709.04,98623.08205714288
0,Diatoms,210.78,35466.1468
0,Diatoms,3693.4,1732663.1520571427
0,Diatoms,14401.939999999999,8360488.286228568
0,Diatoms,9477.419999999998,3464413.8900571433
0,Diatoms,1600.6899999999998,8863267.927557139
0,Diatoms,117.26,314366.3664142857
0,Diatoms,1390.4200000000003,231562.34080000012
0,Diatoms,3832.78,852160.3385142854
0,Diatoms,1837.8000000000002,568563.6000571429
0,Diatoms,1162.6299999999997,65122.07555714296
0,Diatoms,8198.04,7070999.124014289
0,Diatoms,5749.7,856338.3936571436
0,Diatoms,14247.07,10315042.416699996
0,Diatoms,2366.45,20164161.654914282
0,Diatoms,7015.169999999999,3087228.234057142
0,Diatoms,1574.35,4228931.753199999
0,Diatoms,1927.67,17833.574628571445
0,Diatoms,1528.23,22793.187657142866
0,Diatoms,319.49,208721.76965714287
0,Diatoms,1119.8300000000002,91506.30222857147
0,Diatoms,980.4499999999999,233888.94451428586
0,Diatoms,609.31,19677.842800000002
0,Diatoms,245.05,18955.04965714285
0,Diatoms,173.90999999999997,722.985657142858
0,Diatoms,129.76999999999998,278.3342285714284
0,Diatoms,598.8100000000001,31428.360228571437
0,Diatoms,1096.76,35422.02892857142
0,Diatoms,263.47,99196.03201428571
0,Diatoms,87.63,4417.100800000002
0,Diatoms,209.48000000000002,2121.060357142858
0,Diatoms,59.3,125.50422857142851
0,Diatoms,223.98999999999998,3874.685157142857
0,Diatoms,6082.05,4902409.566228571
0,Diatoms,721.2800000000001,243695.8697285713
0,Diatoms,10192.159999999998,12813938.282057136
0,Diatoms,15098.8,2373140.37262857
0,Diatoms,580.75,30110539.40035714
0,Diatoms,2437.2700000000004,492380.93005714304
0,Diatoms,3339.7299999999996,116347.72165714263
0,Diatoms,16910.66,26310020.152128574
0,Diatoms,4576.110000000001,21734446.243214283
0,Diatoms,7309.35,1067228.6996571426
0,Diatoms,2508.7400000000002,3292265.1960142865
0,Diatoms,4150.24,384931.7499999998
0,Diatoms,6070.960000000001,14455386.546299998
0,Diatoms,12822.390000000001,6511686.720700001
0,Diatoms,17561.08,3207883.2737285723
0,Diatoms,2980.0899999999997,30372181.34001429
0,Diatoms,4929.92,543119.5755571431
0,Diatoms,8308.82,1630995.0299999996
0,Diatoms,1346.04,6925757.904057142
0,Diatoms,177.87,194945.87841428575
0,Diatoms,7710.580000000001,8105959.992014288
0,Diatoms,3146.2799999999997,2976119.2128571444
0,Diatoms,1370.1399999999999,450667.61422857136
0,Diatoms,9031.44,8385073.955714288
0,Diatoms,2392.9700000000003,6295611.991557144
0,Diatoms,4896.65,895487.6489142852
0,Diatoms,4054.7299999999996,101261.32662857145
0,Diatoms,2636.6499999999996,287278.69805714284
0,Diatoms,4529.67,511932.10291428596
0,Diatoms,197.60999999999999,2680963.406228572
0,Diatoms,553.32,16762.928928571426
0,Diatoms,556.62,1.555714285714243
0,Diatoms,391.93,3874.685157142857
0,Diatoms,96.173,270.02322514285726
0,Diatoms,276.9589999999996,4669.082542285693
0,Diatoms,85.63399999999999,5229.322232142836
0,Diatoms,470.9849999999997,24994.978706285674
0,Diatoms,648.8389999999994,4518.863616571413
0,Diatoms,1508.4709999999984,105566.73934628548
0,Diatoms,629.0790000000001,110475.7556662853
0,Diatoms,4243.028999999997,1865804.9432142822
0,Diatoms,1318.3289999999974,10233943.315714281
0,Diatoms,2437.25,178854.88632014368
0,Diatoms,6702.431999999998,2598825.356160569
0,Diatoms,5882.628999999996,96010.99411557183
0,Diatoms,15795.664999999994,1147306.844169143
0,Diatoms,10059.18799999999,4701024.053075579
0,Diatoms,199.4099999999987,13887888.887040546
0,Diatoms,1030.2899999999986,98623.08205714283
0,Diatoms,2138.129999999999,175329.92365714305
0,Diatoms,5605.672999999998,1717693.4938355703
0,Diatoms,1739.0259999999969,2135851.288944144
0,Diatoms,6713.510999999997,3535071.573603571
0,Diatoms,321.454,5836913.2416069945
0,Diatoms,1176.477,104437.7615041429
0,Diatoms,1053.9539999999988,2144.555075571473
0,Diatoms,227.25999999999988,97631.85280514261
0,Diatoms,17375.230999999996,42007558.48812013
0,Diatoms,36887.524,54389939.731121294
0,Diatoms,8083.6659999999965,118523176.52630915
0,Diatoms,14512.709,5904656.270835579
0,Diatoms,19976.870999999996,4265295.194606277
0,Diatoms,1240.7819999999997,50148718.716560125
0,Diatoms,839.8689999999999,22961.604795571406
0,Diatoms,3567.2459999999965,1062655.0428755688
0,Diatoms,1539.896999999999,5676505.264824123
0,Diatoms,1251.574,11875.736046999913
0,Diatoms,1077.0119999999997,4353.127406285732
0,Diatoms,536.8589999999988,41680.75191557157
0,Diatoms,3279.205,1074351.6548165726
0,Diatoms,2248.915999999999,151642.20336014318
0,Diatoms,256.901,566874.8228892849
0,Diatoms,397.87,2838.8941372857144
0,Diatoms,204.202,5358.184889142858
0,Diatoms,109.348,1285.3259022857144
0,Diatoms,492.7199999999999,20996.298626285705
0,Diatoms,542.788,358.1149462857157
1,Dinoflagellates,34.0,41.285714285714285
1,Dinoflagellates,15.299999999999999,694.0128571428571
1,Dinoflagellates,13.6,6.605714285714285
1,Dinoflagellates,11.44,3.0756571428571426
1,Dinoflagellates,11.44,1171.5876571428573
1,Dinoflagellates,34.31,74.71955714285717
1,Dinoflagellates,11.44,9.234514285714283
1,Dinoflagellates,102.0,1171.5876571428573
1,Dinoflagellates,27.2,35.48251428571429
1,Dinoflagellates,68.63,245.20641428571417
1,Dinoflagellates,619.71,51012.84355714287
1,Dinoflagellates,115.15,36368.68480000001
1,Dinoflagellates,32.9,16.570414285714286
1,Dinoflagellates,115.15,966.4375
1,Dinoflagellates,98.69999999999999,38.657500000000084
1,Dinoflagellates,13.16,55.66679999999999
1,Dinoflagellates,18.98,44.55365714285715
1,Dinoflagellates,26.32,24.7408
1,Dinoflagellates,22.14,2.4960571428571425
1,Dinoflagellates,32.9,16.539657142857138
1,Dinoflagellates,181.2,3141.841428571428
1,Dinoflagellates,105.49999999999999,818.6414285714287
1,Dinoflagellates,164.5,497.28571428571456
1,Dinoflagellates,55.33,1702.5841285714287
1,Dinoflagellates,11.07,209.33691428571424
1,Dinoflagellates,98.69999999999999,1097.0024142857142
1,Dinoflagellates,44.27,423.23212857142835
1,Dinoflagellates,13.16,138.2617285714286
1,Dinoflagellates,44.32,203.36470000000006
1,Dinoflagellates,52.7,10.03205714285715
1,Dinoflagellates,11.08,247.4606285714286
1,Dinoflagellates,16.47,4.150299999999999
1,Dinoflagellates,77.56,788.0046999999998
1,Dinoflagellates,131.75,419.50801428571424
1,Dinoflagellates,65.88,619.8367000000001
1,Dinoflagellates,32.94,155.00622857142852
1,Dinoflagellates,16.47,38.75155714285713
1,Dinoflagellates,11.08,4.150299999999999
1,Dinoflagellates,44.32,17.538057142857138
1,Dinoflagellates,105.4,532.9666285714287
1,Dinoflagellates,11.08,6.605714285714284
1,Dinoflagellates,22.16,65.91291428571428
1,Dinoflagellates,22.84,0.0660571428571428
1,Dinoflagellates,37.17,29.335557142857148
1,Dinoflagellates,123.88,1074.089157142857
1,Dinoflagellates,22.16,1478.1369142857143
1,Dinoflagellates,66.47,280.4823
1,Dinoflagellates,17.88,337.28401428571436
1,Dinoflagellates,61.94,434.3456571428572
1,Dinoflagellates,111.51,1140.4889285714287
1,Dinoflagellates,33.24,152.1024142857143
1,Dinoflagellates,65.88,1394.7737285714286
1,Dinoflagellates,39.52,99.2642285714285
1,Dinoflagellates,210.49,4175.8201285714285
1,Dinoflagellates,33.24,4488.223214285715
1,Dinoflagellates,65.88,152.19565714285707
1,Dinoflagellates,99.72,163.59222857142862
1,Dinoflagellates,144.03,1191.0737285714288
1,Dinoflagellates,11.08,2525.1003571428564
1,Dinoflagellates,22.16,17.538057142857145
1,Dinoflagellates,44.32,70.15222857142858
1,Dinoflagellates,33.24,17.538057142857138
1,Dinoflagellates,22.16,60.09430000000001
1,Dinoflagellates,23.04,55.723214285714285
1,Dinoflagellates,26.35,46.13155714285714
1,Dinoflagellates,110.78999999999999,1018.5876571428571
1,Dinoflagellates,11.08,1420.2977285714283
1,Dinoflagellates,98.82,1215.1961285714283
1,Dinoflagellates,32.94,620.0249142857141
1,Dinoflagellates,115.28,968.5536571428572
1,Dinoflagellates,33.24,961.5087999999998
1,Dinoflagellates,22.16,272.9377285714287
1,Dinoflagellates,33.24,17.53805714285715
1,Dinoflagellates,44.32,17.538057142857138
1,Dinoflagellates,65.87,66.34321428571431
1,Dinoflagellates,44.32,240.4944142857143
1,Dinoflagellates,13.18,138.5285142857143
1,Dinoflagellates,33.24,57.48622857142858
1,Dinoflagellates,32.94,0.012857142857143223
1,Dinoflagellates,33.24,17.53805714285715
1,Dinoflagellates,22.16,17.53805714285715
1,Dinoflagellates,110.78,1121.9292
1,Dinoflagellates,526.98,24746.06285714286
1,Dinoflagellates,22.16,36406.17605714285
1,Dinoflagellates,32.94,619.8367000000001
1,Dinoflagellates,98.81,619.8367000000001
1,Dinoflagellates,263.5,7593.987657142857
1,Dinoflagellates,22.16,8320.713657142858
1,Dinoflagellates,22.16,50.86812857142858
1,Dinoflagellates,32.94,18.468128571428586
1,Dinoflagellates,22.16,157.74755714285718
1,Dinoflagellates,32.94,68.26565714285714
1,Dinoflagellates,33.24,17.53805714285715
1,Dinoflagellates,11.08,70.1522285714286
1,Dinoflagellates,32.94,68.26565714285714
1,Dinoflagellates,22.16,16.601199999999995
1,Dinoflagellates,82.35,517.5480142857142
1,Dinoflagellates,16.47,620.0249142857141
1,Dinoflagellates,32.94,38.75155714285713
1,Dinoflagellates,11.08,429.0057142857142
1,Dinoflagellates,11.08,4.150299999999999
1,Dinoflagellates,19.759999999999998,10.763199999999996
1,Dinoflagellates,197.62,154.91212857142864
1,Dinoflagellates,65.88,2479.3468000000003
1,Dinoflagellates,98.81,154.91212857142864
1,Dinoflagellates,32.94,619.8367000000001
1,Dinoflagellates,19.759999999999998,24.816057142857144
1,Dinoflagellates,88.64,677.7792
1,Dinoflagellates,11.08,0.6240142857142856
1,Dinoflagellates,44.32,157.84251428571432
1,Dinoflagellates,22.16,70.15222857142858
1,Dinoflagellates,164.68,7593.987657142857
1,Dinoflagellates,65.87,1394.7737285714286
1,Dinoflagellates,32.94,154.91212857142864
1,Dinoflagellates,16.46,24.77841428571429
1,Dinoflagellates,32.94,142.8320571428571
1,Dinoflagellates,32.94,99.18892857142855
1,Dinoflagellates,33.24,70.1522285714286
1,Dinoflagellates,22.16,17.53805714285715
1,Dinoflagellates,66.47,70.08892857142857
1,Dinoflagellates,33.24,157.74755714285712
1,Dinoflagellates,13.169999999999998,6.2040142857142815
1,Dinoflagellates,110.78,631.1801285714286
1,Dinoflagellates,22.16,1121.9292
1,Dinoflagellates,13.18,13.973157142857145
1,Dinoflagellates,44.32,138.5285142857143
1,Dinoflagellates,11.08,8.669157142857143
1,Dinoflagellates,185.84,3827.3060571428573
1,Dinoflagellates,37.17,3157.538414285715
1,Dinoflagellates,19.75,38.70451428571429
1,Dinoflagellates,92.92,508.8146285714286
1,Dinoflagellates,61.94,369.53422857142857
1,Dinoflagellates,132.95,720.3457285714284
1,Dinoflagellates,22.16,1753.4891571428568
1,Dinoflagellates,11.08,8.669157142857143
1,Dinoflagellates,11.0779999999999,438.34063557143014
1,Dinoflagellates,46.4579999999999,178.8206285714285
1,Dinoflagellates,132.9409999999999,1068.4727555714283
1,Dinoflagellates,88.62699999999981,70.12690514285592
1,Dinoflagellates,66.471,70.12690514285592
1,Dinoflagellates,92.9159999999998,99.90543214285559
1,Dinoflagellates,66.471,99.90543214285559
1,Dinoflagellates,22.157,280.53294228571434
1,Dinoflagellates,33.233999999999696,17.528561285713327
1,Dinoflagellates,22.157,17.528561285713327
1,Dinoflagellates,11.0779999999999,8.655807999999777
1,Dinoflagellates,66.471,280.53294228571434
1,Dinoflagellates,22.157,280.53294228571434
1,Dinoflagellates,22.156,84.36960057142788
1,Dinoflagellates,22.16,280.6089142857144
1,Dinoflagellates,22.16,17.53805714285715
1,Dinoflagellates,92.92,99.94321428571432
1,Dinoflagellates,371.66,11099.426800000001
1,Dinoflagellates,19.75,17691.52115714286
1,Dinoflagellates,27.7,63.722057142857125
1,Dinoflagellates,22.16,21.57772857142857
1,Dinoflagellates,199.41000000000003,283.6562285714289
1,Dinoflagellates,55.4,2962.697157142858
1,Dinoflagellates,44.32,17.538057142857138
1,Dinoflagellates,23.23,39.60321428571428
1,Dinoflagellates,18.42,41.77285714285715
1,Dinoflagellates,23.23,3.305157142857141
1,Dinoflagellates,22.16,50.86812857142858
1,Dinoflagellates,11.08,17.538057142857145
1,Dinoflagellates,11.08,10.738414285714285
1,Dinoflagellates,46.46,57.25720000000002
1,Dinoflagellates,144.01999999999998,1359.7076571428565
1,Dinoflagellates,32.94,1762.680914285714
1,Dinoflagellates,232.29000000000002,5677.203214285715
1,Dinoflagellates,325.21,1233.4466285714275
1,Dinoflagellates,61.94,9901.584699999998
1,Dinoflagellates,92.92,137.1086285714286
1,Dinoflagellates,92.9159999999999,308.3351091428571
1,Dinoflagellates,66.471,99.90543214285633
1,Dinoflagellates,44.3129999999998,70.13956628571556
1,Dinoflagellates,22.1559999999998,70.13323557142859
1,Dinoflagellates,66.4689999999996,280.52028128571175
1,Dinoflagellates,11.0779999999999,17.53489157142889
2,Coccolithophores,1564.0,334414.28571428574
2,Coccolithophores,265.2,2140.2514285714287
2,Coccolithophores,40.8,7193.622857142856
2,Coccolithophores,85.0,279.0914285714286
2,Coccolithophores,61.2,80.91999999999997
2,Coccolithophores,22.87,36.89212857142858
2,Coccolithophores,34.32,74.78491428571431
2,Coccolithophores,13.6,61.33119999999999
2,Coccolithophores,22.88,12.30262857142857
2,Coccolithophores,102.0,894.2820571428573
2,Coccolithophores,27.2,799.2914285714286
2,Coccolithophores,13.6,26.42285714285714
2,Coccolithophores,34.31,61.27201428571429
2,Coccolithophores,13.6,61.27201428571429
2,Coccolithophores,23.03,125.2503
2,Coccolithophores,20.4,0.9881285714285734
2,Coccolithophores,29.609999999999996,12.117728571428563
2,Coccolithophores,22.13,7.992914285714279
2,Coccolithophores,42.769999999999996,60.858514285714264
2,Coccolithophores,50.019999999999996,7.488228571428591
2,Coccolithophores,27.96999999999999,69.45750000000002
2,Coccolithophores,26.989999999999995,0.13719999999999913
2,Coccolithophores,41.45,7.467557142857166
2,Coccolithophores,26.330000000000002,52.00662857142854
2,Coccolithophores,65.14999999999999,215.2846285714285
2,Coccolithophores,57.040000000000006,310.2228571428571
2,Coccolithophores,79.62999999999998,72.90115714285699
2,Coccolithophores,73.69999999999999,5.02355714285713
2,Coccolithophores,210.56,2675.808514285715
2,Coccolithophores,44.27,3950.337728571428
2,Coccolithophores,32.9,0.012857142857143223
2,Coccolithophores,33.2,0.012857142857143223
2,Coccolithophores,32.9,0.012857142857143223
2,Coccolithophores,98.69999999999999,149.13372857142846
2,Coccolithophores,16.45,966.4374999999997
2,Coccolithophores,65.8,347.9174999999999
2,Coccolithophores,32.9,154.62999999999997
2,Coccolithophores,42.769999999999996,22.5721285714286
2,Coccolithophores,26.319999999999997,26132.469999999998
2,Coccolithophores,132.8,1619.712914285715
2,Coccolithophores,151.34,395.85280000000023
2,Coccolithophores,190.82000000000002,222.66720000000018
2,Coccolithophores,29.61,3712.6663000000017
2,Coccolithophores,46.72,148.48822857142855
2,Coccolithophores,38.169999999999995,89.28571428571433
2,Coccolithophores,31.59,6.185199999999989
2,Coccolithophores,42.11,15.810057142857142
2,Coccolithophores,112.96,716.9008000000001
2,Coccolithophores,171.07999999999998,482.562057142857
2,Coccolithophores,125.02,303.07479999999987
2,Coccolithophores,75.67,347.9174999999999
2,Coccolithophores,98.7,75.7687
2,Coccolithophores,72.38,98.96319999999994
2,Coccolithophores,29.61,261.32469999999995
2,Coccolithophores,105.27999999999999,817.9926999999998
2,Coccolithophores,78.96,98.96319999999994
2,Coccolithophores,59.22,55.666799999999974
2,Coccolithophores,33.2,96.7200571428571
2,Coccolithophores,65.8,151.8228571428571
2,Coccolithophores,16.45,347.9174999999999
2,Coccolithophores,131.6,1894.2174999999995
2,Coccolithophores,26.319999999999997,33.22321428571427
2,Coccolithophores,11.07,33.22321428571427
2,Coccolithophores,65.8,427.91041428571424
2,Coccolithophores,65.8,222.66719999999995
2,Coccolithophores,19.740000000000002,303.0747999999999
2,Coccolithophores,26.32,6.762057142857148
2,Coccolithophores,85.53999999999999,501.0011999999998
2,Coccolithophores,210.56,2232.8572000000004
2,Coccolithophores,26.32,4849.1968
2,Coccolithophores,131.61,1583.712014285715
2,Coccolithophores,77.86999999999999,3917.14972857143
2,Coccolithophores,106.37,116.0357142857144
2,Coccolithophores,51.98,422.61030000000017
2,Coccolithophores,40.8,17.856057142857143
2,Coccolithophores,45.73,3.472128571428571
2,Coccolithophores,106.27,523.5845142857142
2,Coccolithophores,75.02,139.50892857142858
2,Coccolithophores,131.6,457.3280571428571
2,Coccolithophores,52.7,889.3157142857141
2,Coccolithophores,13.84,215.72851428571428
2,Coccolithophores,30.959999999999997,63.48091428571428
2,Coccolithophores,35.9,3.486228571428573
2,Coccolithophores,45.779999999999994,13.944914285714272
2,Coccolithophores,29.64,37.21422857142854
2,Coccolithophores,39.519999999999996,13.944914285714272
2,Coccolithophores,38.21,0.24515714285714105
2,Coccolithophores,44.32,172.31041428571424
2,Coccolithophores,72.46000000000001,113.12280000000007
2,Coccolithophores,33.24,219.7440571428572
2,Coccolithophores,49.41,37.35269999999998
2,Coccolithophores,22.16,37.63041428571429
2,Coccolithophores,65.88,273.06262857142855
2,Coccolithophores,98.82,155.00622857142852
2,Coccolithophores,49.41,348.62285714285724
2,Coccolithophores,77.55,113.1228
2,Coccolithophores,19.759999999999998,477.09772857142855
2,Coccolithophores,592.85,46918.878300000004
2,Coccolithophores,920.8,15364.457499999993
2,Coccolithophores,395.23,39460.54641428571
2,Coccolithophores,988.08,50210.160357142864
2,Coccolithophores,573.1000000000001,24601.200057142847
2,Coccolithophores,199.41,19949.173728571448
2,Coccolithophores,1844.42,386579.70001428574
2,Coccolithophores,420.98,289454.49051428575
2,Coccolithophores,46.10999999999999,20075.35955714286
2,Coccolithophores,155.1,1696.9743000000003
2,Coccolithophores,144.03,17.506414285714264
2,Coccolithophores,309.72,3921.882300000001
2,Coccolithophores,32.93,10944.672014285718
2,Coccolithophores,72.47,223.34451428571427
2,Coccolithophores,52.690000000000005,55.89262857142854
2,Coccolithophores,23.06,38.7045142857143
2,Coccolithophores,32.28,12.14405714285715
2,Coccolithophores,43.48,17.919999999999984
2,Coccolithophores,32.28,17.919999999999984
2,Coccolithophores,33.599999999999994,29.994299999999978
2,Coccolithophores,55.99,71.61601428571433
2,Coccolithophores,74.87,0.4375000000000071
2,Coccolithophores,63.23999999999999,19.32241428571434
2,Coccolithophores,54.02,378.7457285714286
2,Coccolithophores,115.28,536.1125142857143
2,Coccolithophores,11.08,1551.0914285714287
2,Coccolithophores,22.16,17.538057142857145
2,Coccolithophores,26.35,2.5080142857142875
2,Coccolithophores,19.759999999999998,311.82262857142865
2,Coccolithophores,22.16,0.8160142857142861
2,Coccolithophores,61.94,226.06405714285714
2,Coccolithophores,37.17,97.24115714285718
2,Coccolithophores,11.08,97.24115714285718
2,Coccolithophores,33.24,117.66999999999996
2,Coccolithophores,22.16,17.53805714285715
2,Coccolithophores,33.24,17.53805714285715
2,Coccolithophores,92.92,508.8146285714286
2,Coccolithophores,77.55,17.538057142857138
2,Coccolithophores,88.63,17.538057142857138
2,Coccolithophores,61.94,101.76515714285712
2,Coccolithophores,29.630000000000003,149.13372857142852
2,Coccolithophores,32.93,1.555714285714283
2,Coccolithophores,155.09,2131.8665142857144
2,Coccolithophores,3545.09,216023.15571428597
2,Coccolithophores,39.52,1755574.4321285714
2,Coccolithophores,55.989999999999995,8.426057142857127
2,Coccolithophores,38.209999999999994,45.16120000000001
2,Coccolithophores,69.16,29.049657142857107
2,Coccolithophores,43.48,94.20891428571429
2,Coccolithophores,69.17,94.28230000000003
2,Coccolithophores,84.97999999999999,35.708014285714235
2,Coccolithophores,77.73,7.508928571428542
2,Coccolithophores,77.41000000000001,0.014628571428570806
2,Coccolithophores,108.68000000000002,139.68755714285723
2,Coccolithophores,171.26,559.4651999999994
2,Coccolithophores,98.81,749.8574999999998
2,Coccolithophores,55.4,269.2040142857143
2,Coccolithophores,44.32,17.538057142857138
2,Coccolithophores,74.34,128.7429142857143
2,Coccolithophores,44.32,46.18291428571429
2,Coccolithophores,22.16,70.15222857142858
2,Coccolithophores,32.94,16.601199999999995
2,Coccolithophores,77.56,19.522299999999994
2,Coccolithophores,26.35,374.63772857142857
2,Coccolithophores,243.73,4519.168514285714
2,Coccolithophores,77.55000000000001,3945.113199999999
2,Coccolithophores,121.86,280.48229999999984
2,Coccolithophores,387.75,10099.641728571427
2,Coccolithophores,99.71,11852.434514285716
2,Coccolithophores,46.11,410.4228571428571
2,Coccolithophores,14.82,139.8663
2,Coccolithophores,188.32999999999998,4300.817157142857
2,Coccolithophores,526.98,16383.403214285718
2,Coccolithophores,476.37,365.9103000000002
2,Coccolithophores,3345.68,1176134.2680142857
2,Coccolithophores,589.56,1085171.0649142857
2,Coccolithophores,526.98,559.4651999999987
2,Coccolithophores,34.589999999999996,34635.41601428572
2,Coccolithophores,49.4,31.333728571428583
2,Coccolithophores,59.269999999999996,75.83451428571428
2,Coccolithophores,29.650000000000006,125.33491428571419
2,Coccolithophores,50.07,59.568057142857114
2,Coccolithophores,22.400000000000002,109.37555714285713
2,Coccolithophores,55.32999999999999,154.9121285714285
2,Coccolithophores,82.34,318.3977285714286
2,Coccolithophores,57.09,91.08035714285714
2,Coccolithophores,75.75,294.9705142857143
2,Coccolithophores,57.09,49.742228571428555
2,Coccolithophores,38.209999999999994,50.92205714285719
2,Coccolithophores,46.769999999999996,10.46765714285715
2,Coccolithophores,33.24,26.15155714285712
2,Coccolithophores,77.55,280.48229999999995
2,Coccolithophores,144.02,631.1801285714289
2,Coccolithophores,598.2399999999999,29473.686914285703
2,Coccolithophores,32.93,45653.62801428571
2,Coccolithophores,33.24,0.01372857142857163
2,Coccolithophores,66.47,157.74755714285712
2,Coccolithophores,59.290000000000006,7.364628571428556
2,Coccolithophores,32.94,99.18892857142863
2,Coccolithophores,88.63,265.61920000000003
2,Coccolithophores,131.74,265.49601428571447
2,Coccolithophores,197.62,620.0249142857141
2,Coccolithophores,22.16,4398.030228571429
2,Coccolithophores,66.47,280.4823
2,Coccolithophores,44.32,70.08892857142857
2,Coccolithophores,49.4,3.6866285714285687
2,Coccolithophores,44.31,3.7011571428571375
2,Coccolithophores,98.81,424.32142857142856
2,Coccolithophores,164.68,619.8367000000001
2,Coccolithophores,65.87,1394.7737285714286
2,Coccolithophores,164.69,1395.056057142857
2,Coccolithophores,77.56,1084.5195571428571
2,Coccolithophores,42.809999999999995,172.50892857142864
2,Coccolithophores,185.83,2922.1029142857146
2,Coccolithophores,132.94,399.6217285714288
2,Coccolithophores,775.49,33942.53622857144
2,Coccolithophores,609.32,3944.6384142857123
2,Coccolithophores,177.25,26669.212128571435
2,Coccolithophores,111.98,608.5961285714285
2,Coccolithophores,50.72999999999999,7.971557142857171
2,Coccolithophores,64.56,27.32412857142862
2,Coccolithophores,35.57,120.0600142857143
2,Coccolithophores,106.72,3.9675571428571366
2,Coccolithophores,93.55,24.77841428571429
2,Coccolithophores,88.93,3.0491999999999875
2,Coccolithophores,63.239999999999995,94.28230000000009
2,Coccolithophores,55.99,7.508928571428557
2,Coccolithophores,69.16000000000001,683.4984142857138
2,Coccolithophores,55.99,24.77841428571432
2,Coccolithophores,44.32,19.45555714285715
2,Coccolithophores,39.53,3.2777285714285704
2,Coccolithophores,155.09,1907.7305142857144
2,Coccolithophores,65.87,1137.1726285714285
2,Coccolithophores,32.94,16.601199999999995
2,Coccolithophores,118.57,1047.499557142857
2,Coccolithophores,66.47,1753.4891571428568
2,Coccolithophores,110.78,280.4823
2,Coccolithophores,22.16,1121.9292
2,Coccolithophores,2371.4,788418.3682285716
2,Coccolithophores,221.57,660252.7184142856
2,Coccolithophores,88.63,2524.720514285714
2,Coccolithophores,16.47,743.8665142857143
2,Coccolithophores,230.55,6547.178057142858
2,Coccolithophores,11.08,6881.011557142857
2,Coccolithophores,132.94,2121.4085142857143
2,Coccolithophores,55.39,859.1432142857142
2,Coccolithophores,2127.06,555518.0345142857
2,Coccolithophores,1462.3500000000001,63119.91201428568
2,Coccolithophores,221.57000000000002,219933.57262857148
2,Coccolithophores,39.52,4734.600357142858
2,Coccolithophores,88.63,344.54172857142845
2,Coccolithophores,144.02,438.2931571428574
2,Coccolithophores,288.04,2963.108628571429
2,Coccolithophores,199.41000000000003,3503.3657142857155
2,Coccolithophores,47.76,3285.38892857143
2,Coccolithophores,59.3,19.024514285714282
2,Coccolithophores,34.04,91.15251428571426
2,Coccolithophores,98.81,599.3075571428573
2,Coccolithophores,98.81,139.86629999999994
2,Coccolithophores,56.0,55.723214285714285
2,Coccolithophores,121.86,38.704514285714254
2,Coccolithophores,88.63,157.74755714285718
2,Coccolithophores,33.24,438.29315714285707
2,Coccolithophores,88.63,157.84251428571423
2,Coccolithophores,131.74,265.49601428571447
2,Coccolithophores,164.69,155.10035714285704
2,Coccolithophores,197.62,154.91212857142864
2,Coccolithophores,99.71,146.6516571428572
2,Coccolithophores,22.16,859.1432142857142
2,Coccolithophores,22.16,50.86812857142858
2,Coccolithophores,55.39,157.74755714285718
2,Coccolithophores,66.47,17.538057142857138
2,Coccolithophores,263.49,5545.268628571429
2,Coccolithophores,19.759999999999998,24.77841428571428
2,Coccolithophores,790.47,84856.27201428571
2,Coccolithophores,23.05,84133.35091428574
2,Coccolithophores,62.580000000000005,223.23155714285716
2,Coccolithophores,52.699999999999996,1839.6729142857148
2,Coccolithophores,38.86999999999999,27.32412857142859
2,Coccolithophores,79.05,230.63320000000007
2,Coccolithophores,46.120000000000005,275.4411571428569
2,Coccolithophores,73.78999999999999,1450.3682285714292
2,Coccolithophores,26.35,348.6228571428571
2,Coccolithophores,22.16,43.05280000000001
2,Coccolithophores,66.48,280.6089142857144
2,Coccolithophores,11.08,438.45142857142866
2,Coccolithophores,559.93,37979.0960142857
2,Coccolithophores,32.94,39674.06572857143
2,Coccolithophores,98.81,619.8367000000001
2,Coccolithophores,32.94,619.8367000000001
2,Coccolithophores,65.87,154.91212857142864
2,Coccolithophores,197.62,5213.2087
2,Coccolithophores,428.17,7593.328928571429
2,Coccolithophores,786.57,18350.080000000005
2,Coccolithophores,166.18,54983.39315714287
2,Coccolithophores,247.02,933.5865142857144
2,Coccolithophores,132.95,1858.8521285714291
2,Coccolithophores,289.8399999999999,3516.353157142854
2,Coccolithophores,2121.08,503963.990414286
2,Coccolithophores,1376.74,79148.86222857141
2,Coccolithophores,237.14,185526.87999999995
2,Coccolithophores,32.93,5957.389157142856
2,Coccolithophores,36.23,1.555714285714283
2,Coccolithophores,37.879999999999995,0.38892857142857074
2,Coccolithophores,43.92,8.448014285714297
2,Coccolithophores,42.82,0.1728571428571433
2,Coccolithophores,68.08,41.43155714285715
2,Coccolithophores,51.38999999999999,39.793728571428595
2,Coccolithophores,110.00999999999999,189.80035714285705
2,Coccolithophores,65.88000000000001,278.20812857142835
2,Coccolithophores,63.239999999999995,0.995657142857154
2,Coccolithophores,63.68,0.027657142857143463
2,Coccolithophores,77.39999999999999,26.89119999999997
2,Coccolithophores,49.4,111.99999999999996
2,Coccolithophores,33.24,37.30651428571427
2,Coccolithophores,22.16,17.53805714285715
2,Coccolithophores,11.08,17.538057142857145
2,Coccolithophores,44.32,157.84251428571432
2,Coccolithophores,22.16,70.15222857142858
2,Coccolithophores,92.22,502.01691428571434
2,Coccolithophores,132.94,236.8740571428571
2,Coccolithophores,33.24,1420.012857142857
2,Coccolithophores,33.24,0.012857142857143223
2,Coccolithophores,13.170000000000002,1.5463000000000025
2,Coccolithophores,154.8,2865.579557142857
2,Coccolithophores,105.39,348.76401428571444
2,Coccolithophores,1692.92,360035.9287
2,Coccolithophores,533.57,192013.2032142857
2,Coccolithophores,65.87,31249.041428571432
2,Coccolithophores,44.32,66.34321428571431
2,Coccolithophores,288.04,8485.63405714286
2,Coccolithophores,99.71000000000001,5066.88412857143
2,Coccolithophores,105.39,4.608914285714273
2,Coccolithophores,68.07,198.96891428571436
2,Coccolithophores,19.76,333.40801428571416
2,Coccolithophores,68.50999999999999,58.29142857142851
2,Coccolithophores,80.70000000000002,372.3003571428574
2,Coccolithophores,43.92,193.25262857142872
2,Coccolithophores,37.88,5.211657142857142
2,Coccolithophores,118.58,930.355714285714
2,Coccolithophores,102.1,38.798628571428594
2,Coccolithophores,82.34,55.77965714285709
2,Coccolithophores,75.75,6.204014285714292
2,Coccolithophores,102.1,99.18892857142852
2,Coccolithophores,85.63,38.75155714285713
2,Coccolithophores,46.11,223.1186285714285
2,Coccolithophores,44.31,0.46285714285714136
2,Coccolithophores,11.08,157.74755714285718
2,Coccolithophores,22.16,34.632128571428574
2,Coccolithophores,32.94,16.601199999999995
2,Coccolithophores,32.94,154.91212857142864
2,Coccolithophores,19.759999999999998,24.77841428571428
2,Coccolithophores,164.69,3000.672128571429
2,Coccolithophores,296.43,11891.970057142855
2,Coccolithophores,526.98,7593.328928571429
2,Coccolithophores,46.11,223.1186285714285
2,Coccolithophores,197.62,3279.325728571428
2,Coccolithophores,199.41,0.4577285714285674
2,Coccolithophores,19.759999999999998,4610.588928571428
2,Coccolithophores,199.41,4610.588928571428
2,Coccolithophores,118.57000000000001,933.586514285714
2,Coccolithophores,30.3,1113.0847
2,Coccolithophores,144.03,1847.7875571428574
2,Coccolithophores,42.18,1481.9174999999998
2,Coccolithophores,44.800000000000004,0.9806285714285748
2,Coccolithophores,34.26,15.870228571428589
2,Coccolithophores,47.43,24.77841428571429
2,Coccolithophores,38.22,12.117728571428573
2,Coccolithophores,73.78,180.64480000000003
2,Coccolithophores,44.8,119.97720000000004
2,Coccolithophores,27.67,41.91955714285712
2,Coccolithophores,63.24,180.74641428571428
2,Coccolithophores,44.79,48.62892857142858
2,Coccolithophores,41.5,1.5462999999999991
2,Coccolithophores,59.29,45.21201428571428
2,Coccolithophores,95.51,547.5497285714288
2,Coccolithophores,57.97,201.32165714285722
2,Coccolithophores,44.8,24.77841428571429
2,Coccolithophores,13.18,6.204014285714286
2,Coccolithophores,33.24,3860.112057142857
2,Coccolithophores,11.08,70.1522285714286
2,Coccolithophores,77.55,438.2931571428571
2,Coccolithophores,44.32,110.80321428571429
2,Coccolithophores,32.94,18.50062857142858
2,Coccolithophores,199.41,5132.201657142857
2,Coccolithophores,23.05,4443.264228571427
2,Coccolithophores,52.7,125.5889285714286
2,Coccolithophores,625.79,46918.87829999999
2,Coccolithophores,164.69,30373.31571428571
2,Coccolithophores,26.35,2733.9936571428575
2,Coccolithophores,19.11,7.488228571428576
2,Coccolithophores,232.65,6514.19022857143
2,Coccolithophores,952.74,74075.65830000001
2,Coccolithophores,128.44,97067.21285714283
2,Coccolithophores,11.860000000000001,1941.5566285714285
2,Coccolithophores,32.93,63.420700000000004
2,Coccolithophores,75.76,262.0584142857143
2,Coccolithophores,276.65999999999997,5765.829999999999
2,Coccolithophores,342.53999999999996,620.0249142857141
2,Coccolithophores,85.63,9428.964014285712
2,Coccolithophores,38.21,321.23662857142847
2,Coccolithophores,47.44,12.170414285714276
2,Coccolithophores,89.59,253.80321428571435
2,Coccolithophores,61.269999999999996,114.57462857142863
2,Coccolithophores,37.559999999999995,80.30915714285716
2,Coccolithophores,109.36,736.4628571428574
2,Coccolithophores,69.83,223.23155714285716
2,Coccolithophores,85.63999999999999,35.708014285714235
2,Coccolithophores,32.94,396.7557142857141
2,Coccolithophores,96.17999999999999,339.50892857142844
2,Coccolithophores,55.99,230.74801428571416
2,Coccolithophores,72.46000000000001,38.75155714285717
2,Coccolithophores,77.72999999999999,3.9675571428571152
2,Coccolithophores,118.57000000000001,238.27222857142877
2,Coccolithophores,79.04,223.23155714285716
2,Coccolithophores,64.58,29.870228571428605
2,Coccolithophores,55.33,12.223214285714286
2,Coccolithophores,65.88,15.900357142857134
2,Coccolithophores,55.39,1.041428571428568
2,Coccolithophores,23.049999999999997,149.41080000000005
2,Coccolithophores,65.88,155.00622857142852
2,Coccolithophores,131.74,154.91212857142864
2,Coccolithophores,22.16,273.06262857142855
2,Coccolithophores,44.31,70.08892857142858
2,Coccolithophores,155.1,1753.4891571428568
2,Coccolithophores,199.41,280.4823
2,Coccolithophores,77.55,631.1801285714286
2,Coccolithophores,92.22,30.74412857142858
2,Coccolithophores,263.48,9427.496014285718
2,Coccolithophores,19.759999999999998,8485.63405714286
2,Coccolithophores,22.16,0.8228571428571444
2,Coccolithophores,19.759999999999998,0.8228571428571444
2,Coccolithophores,26.36,6.222857142857145
2,Coccolithophores,418.28,21943.040914285706
2,Coccolithophores,174.57,8484.937728571427
2,Coccolithophores,52.7,2121.7566999999995
2,Coccolithophores,134.39,953.3222999999996
2,Coccolithophores,662.0099999999999,39768.980628571415
2,Coccolithophores,72.46000000000001,49652.74321428569
2,Coccolithophores,11.08,538.2149142857145
2,Coccolithophores,55.989999999999995,288.12972857142853
2,Coccolithophores,102.1,303.7331571428571
2,Coccolithophores,62.58,223.1186285714285
2,Coccolithophores,50.07,22.357157142857137
2,Coccolithophores,82.33,148.67251428571427
2,Coccolithophores,69.83,22.321428571428573
2,Coccolithophores,79.04,12.117728571428591
2,Coccolithophores,36.89,253.80321428571435
2,Coccolithophores,32.94,2.2289285714285745
2,Coccolithophores,88.26999999999998,437.3441285714283
2,Coccolithophores,105.39,421.6784142857144
2,Coccolithophores,55.39,357.14285714285717
2,Coccolithophores,121.86999999999999,631.3700571428569
2,Coccolithophores,59.28,559.6440142857141
2,Coccolithophores,42.82,38.70451428571429
2,Coccolithophores,110.78999999999999,659.9887
2,Coccolithophores,37.17,122.64142857142853
2,Coccolithophores,74.34,197.37270000000004
2,Coccolithophores,44.32,157.84251428571432
2,Coccolithophores,33.24,17.538057142857138
2,Coccolithophores,11.08,70.1522285714286
2,Coccolithophores,66.47,570.2446285714285
2,Coccolithophores,44.32,70.08892857142857
2,Coccolithophores,44.32,150.52165714285715
2,Coccolithophores,15.81,116.11715714285712
2,Coccolithophores,98.81,984.1428571428571
2,Coccolithophores,52.69,303.86491428571435
2,Coccolithophores,398.52000000000004,4518.660357142859
2,Coccolithophores,352.41,303.7331571428573
2,Coccolithophores,128.45,7165.440228571431
2,Coccolithophores,276.97,3151.1700571428587
2,Coccolithophores,141.62,2617.0889285714293
2,Coccolithophores,131.74,13.944914285714272
2,Coccolithophores,95.51,187.51612857142862
2,Coccolithophores,79.04,38.75155714285713
2,Coccolithophores,47.44,142.65142857142865
2,Coccolithophores,27.67,55.83612857142855
2,Coccolithophores,92.22,750.0645142857142
2,Coccolithophores,25.04,644.7360571428572
2,Coccolithophores,50.07,89.50012857142858
2,Coccolithophores,48.75,0.24891428571428584
2,Coccolithophores,52.69,2.2176571428571403
2,Coccolithophores,65.87,24.81605714285717
2,Coccolithophores,155.10000000000002,1137.4275571428575
2,Coccolithophores,16.47,2745.4681285714296
2,Coccolithophores,13.169999999999998,1.5557142857142863
2,Coccolithophores,44.32,138.6175
2,Coccolithophores,66.47,70.08892857142857
2,Coccolithophores,46.46,57.20001428571427
2,Coccolithophores,123.89,856.4864142857144
2,Coccolithophores,33.24,1173.9175
2,Coccolithophores,22.16,3826.838414285715
2,Coccolithophores,11.08,438.2931571428571
2,Coccolithophores,123.88,1817.6914285714286
2,Coccolithophores,44.31,904.483557142857
2,Coccolithophores,1152.15,175329.92365714288
2,Coccolithophores,446.0,71235.40321428573
2,Coccolithophores,511.04,604.3145142857147
2,Coccolithophores,189.71999999999997,14749.506057142862
2,Coccolithophores,495.55,13361.712700000004
2,Coccolithophores,376.66,2019.261728571428
2,Coccolithophores,121.86,9274.720000000001
2,Coccolithophores,66.48,438.1349142857142
2,Coccolithophores,79.04,22.53622857142858
2,Coccolithophores,121.87,262.05841428571426
2,Coccolithophores,85.64000000000001,187.51612857142845
2,Coccolithophores,110.78,90.28851428571419
2,Coccolithophores,18.45,1217.8327000000002
2,Coccolithophores,841.96,96881.24572857143
2,Coccolithophores,757.53,1018.3464142857158
2,Coccolithophores,232.65,39357.002057142854
2,Coccolithophores,32.94,5697.7263
2,Coccolithophores,62.58,125.50422857142858
2,Coccolithophores,25.69,194.4103
2,Coccolithophores,46.1,59.509728571428575
2,Coccolithophores,57.309999999999995,0.062228571428572126
2,Coccolithophores,61.919999999999995,3.036014285714285
2,Coccolithophores,56.65,3.9675571428571366
2,Coccolithophores,67.84800000000001,17.91360057142862
2,Coccolithophores,46.1109999999999,67.4995955714293
2,Coccolithophores,38.205999999999996,8.927003571428349
2,Coccolithophores,30.300999999999995,8.927003571428575
2,Coccolithophores,59.285,120.01032228571431
2,Coccolithophores,99.706,233.40817728571437
2,Coccolithophores,66.471,157.79503214285714
2,Coccolithophores,88.6269999999999,70.12690514285646
2,Coccolithophores,33.2349999999999,17.53172628571397
2,Coccolithophores,46.4579999999999,24.978247
2,Coccolithophores,88.627,254.03208014285832
2,Coccolithophores,96.683,9.27130514285717
2,Coccolithophores,44.314,391.7874515714287
2,Coccolithophores,642.547,42096.776709142905
2,Coccolithophores,132.9399999999998,37099.89920700003
2,Coccolithophores,88.628,280.507620571426
2,Coccolithophores,185.83199999999988,4657.519406285707
2,Coccolithophores,99.705,1059.6943041428542
2,Coccolithophores,121.861999999999,14745.191504142838
2,Coccolithophores,332.3519999999999,6329.3140205714235
2,Coccolithophores,95.515,8013.109224142853
2,Coccolithophores,82.34,24.79723214285713
2,Coccolithophores,59.28499999999999,75.93328928571438
2,Coccolithophores,207.49699999999999,3138.113849142857
2,Coccolithophores,34.254,4287.591007
2,Coccolithophores,36.23,18.98826299999999
2,Coccolithophores,29.64,6.204014285714279
2,Coccolithophores,48.74999999999999,52.170299999999955
2,Coccolithophores,57.63999999999999,11.290300000000002
2,Coccolithophores,85.62000000000002,111.84005714285733
2,Coccolithophores,84.97999999999999,0.058514285714291014
2,Coccolithophores,42.82,253.92365714285702
2,Coccolithophores,81.02,208.4628571428571
2,Coccolithophores,95.51,29.994300000000038
2,Coccolithophores,71.14999999999999,167.48251428571453
2,Coccolithophores,44.32,39.46062857142856
2,Coccolithophores,44.31,157.9375
2,Coccolithophores,139.38,1962.9326285714285
2,Coccolithophores,139.38,2645.7840142857144
2,Coccolithophores,42.8,1332.528057142857
2,Coccolithophores,11.08,143.73691428571428
2,Coccolithophores,11.86,0.08691428571428558
2,Coccolithophores,65.87,547.5497285714287
2,Coccolithophores,23.06,261.8137285714286
2,Coccolithophores,77.56,533.3157142857143
2,Coccolithophores,39.53,143383.34079999998
2,Coccolithophores,102.10000000000001,559.2864142857144
2,Coccolithophores,329.34999999999997,7377.508928571425
2,Coccolithophores,52.69,3.9826285714285734
2,Coccolithophores,26.349999999999998,99.11365714285715
2,Coccolithophores,28.990000000000002,184.1157142857143
2,Coccolithophores,40.849999999999994,20.094228571428545
2,Coccolithophores,83.01,253.92365714285728
2,Coccolithophores,129.11,208.57201428571452
2,Coccolithophores,105.39000000000001,80.37691428571428
2,Coccolithophores,109.36,2.2515571428571257
2,Coccolithophores,161.38,386.5829142857142
2,Coccolithophores,194.32,155.00622857142852
2,Coccolithophores,110.78,49.2105142857143
2,Coccolithophores,36.230000000000004,793.9574999999999
2,Coccolithophores,110.78999999999999,794.1705142857139
2,Coccolithophores,92.92,337.42285714285714
2,Coccolithophores,154.85,547.903557142857
2,Coccolithophores,61.94,1233.181157142857
2,Coccolithophores,33.24,117.66999999999996
2,Coccolithophores,77.55,280.48229999999995
2,Coccolithophores,44.31,157.84251428571423
2,Coccolithophores,92.92,985.3289285714285
2,Coccolithophores,294.65,11584.850414285713
2,Coccolithophores,23.23,10524.116628571426
2,Coccolithophores,19.759999999999998,1.720128571428574
2,Coccolithophores,207.5,5035.1868
2,Coccolithophores,77.55,2412.4289285714285
2,Coccolithophores,11.08,631.1801285714286
2,Coccolithophores,123.89,1818.0137285714286
2,Coccolithophores,36.84,1082.5289285714284
2,Coccolithophores,92.92,449.28091428571423
2,Coccolithophores,59.27,161.76035714285715
2,Coccolithophores,144.02,1026.080357142857
2,Coccolithophores,2582.19,849238.9927000001
2,Coccolithophores,357.36999999999995,707117.7189142859
2,Coccolithophores,125.16000000000001,7703.069157142852
2,Coccolithophores,149.56,530.3521285714287
2,Coccolithophores,105.39,278.7127
2,Coccolithophores,36.89,670.3214285714286
2,Coccolithophores,45.46,10.492128571428571
2,Coccolithophores,30.970000000000002,29.994299999999992
2,Coccolithophores,32.28,0.24515714285714238
2,Coccolithophores,49.39,41.82172857142857
2,Coccolithophores,30.96,48.57622857142856
2,Coccolithophores,75.1,278.33422857142847
2,Coccolithophores,55.34,22.357157142857186
2,Coccolithophores,28.990000000000002,99.18892857142859
2,Coccolithophores,66.47,200.67862857142853
2,Coccolithophores,26.340000000000003,6.801428571428568
2,Coccolithophores,121.86,1303.4386285714284
2,Coccolithophores,185.84,1349.9691571428573
2,Coccolithophores,65.88,642.4348
2,Coccolithophores,185.82999999999998,2055.428928571428
2,Coccolithophores,23.23,3776.965714285714
2,Coccolithophores,30.97,1678.961157142857
2,Coccolithophores,44.32,70.15222857142858
2,Coccolithophores,33.24,3326.2440142857145
2,Coccolithophores,77.56,280.6089142857143
2,Coccolithophores,44.32,157.84251428571432
2,Coccolithophores,11.08,157.84251428571432
2,Coccolithophores,33.24,101.46035714285715
2,Coccolithophores,44.32,17.538057142857138
2,Coccolithophores,65.87,66.34321428571431
2,Coccolithophores,37.17,117.67000000000003
2,Coccolithophores,77.55,232.93491428571423
2,Coccolithophores,22.16,438.2931571428571
2,Coccolithophores,343.43,14744.916128571425
2,Coccolithophores,354.51000000000005,17.538057142857273
2,Coccolithophores,139.38,6611.559557142861
2,Coccolithophores,49.4,1156.6286285714282
2,Coccolithophores,65.87,38.75155714285717
2,Coccolithophores,46.1,55.836128571428596
2,Coccolithophores,39.519999999999996,6.18520000000001
2,Coccolithophores,75.094,63.48091428571423
2,Coccolithophores,99.706,86.53579200000006
2,Coccolithophores,88.928,16.59504057142859
2,Coccolithophores,79.04799999999989,1.5510035714284658
2,Coccolithophores,46.1109999999999,154.97799557142847
2,Coccolithophores,42.817,1.550062285714176
2,Coccolithophores,44.314,0.3201441428571428
2,Coccolithophores,11.0779999999999,631.1801285714266
2,Coccolithophores,33.233999999999995,70.12690514285774
2,Coccolithophores,44.314,17.53805714285716
2,Coccolithophores,77.5479999999997,157.78553657142575
2,Coccolithophores,185.83199999999988,1233.340436571427
2,Coccolithophores,88.628,1349.802516571425
2,Coccolithophores,110.7829999999997,70.12057499999811
2,Coccolithophores,144.01899999999992,157.80452800000208
2,Coccolithophores,199.4109999999998,438.3248091428553
2,Coccolithophores,44.314,3436.43991557142
2,Coccolithophores,66.4699999999998,512.2648462857109
2,Coccolithophores,25.031,48.59730514285714
2,Coccolithophores,59.284999999999904,167.61950228571337
2,Coccolithophores,92.9159999999999,1064.646226285712
2,Coccolithophores,232.2889999999989,2774.9761612856755
2,Coccolithophores,325.2049999999999,1233.3404365714557
2,Coccolithophores,22.157,13119.72718628571
2,Coccolithophores,511.03700000000003,34143.37920000001
2,Coccolithophores,276.9599999999989,7827.43456128579
2,Coccolithophores,237.14,226.5189142857019
2,Coccolithophores,476.3709999999999,8175.924480142852
2,Coccolithophores,1063.527,76373.84008928595
2,Coccolithophores,227.25900000000001,99906.30968914286
2,Coccolithophores,72.4599999999999,3423.2472001428623
2,Coccolithophores,88.929,38.74685157142908
2,Coccolithophores,221.56799999999888,2513.3006172856717
2,Coccolithophores,99.706,2121.478149142818
2,Coccolithophores,49.403999999999996,361.4701720000001
2,Coccolithophores,98.80599999999998,348.6510862857141
2,Coccolithophores,90.90199999999999,8.924745142857136
2,Coccolithophores,52.699,208.49560128571417
2,Coccolithophores,64.553,20.073902285714286
2,Coccolithophores,76.41099999999999,20.087451999999963
