Month_ID,Month_Name,Group_ID,Group_Name,x,y,y_low,y_high,intercept
0,January,0,Diatoms,0.5111386987461073,0.5937401721142215,0.020934306859517846,16.839697361269344,0.15889562661225562
0,January,0,Diatoms,1.3382189652686938,1.4601276925362017,0.09112416029456162,23.396351435441762,0.15889562661225562
0,January,0,Diatoms,2.71593525833536,2.140777573900144,0.15654843161381485,29.274829352613946,0.15889562661225562
0,January,0,Diatoms,5.631389512699805,2.0524601683432797,0.20028458645147335,21.033035129023197,0.15889562661225562
0,January,0,Diatoms,11.890217650265283,11.908936089076622,1.8975493949466555,74.73995625694819,0.15889562661225562
0,January,0,Diatoms,25.41471620713174,61.26131477539995,8.310166486710923,451.6093262405884,0.15889562661225562
0,January,0,Diatoms,59.515132423954505,230.67918311009294,26.832746451569953,1983.132275198999,0.15889562661225562
0,January,0,Diatoms,126.93304900210524,1963.1025480212468,1144.0744736716401,3368.4621960664244,0.15889562661225562
0,January,0,Diatoms,327.81127951668543,7378.751262161956,482.1006191797707,112934.86882777532,0.15889562661225562
0,January,0,Diatoms,1011.4323213513715,25462.514108771808,1169.7375669782055,554260.7530458865,0.15889562661225562
0,January,1,Dinoflagellates,0.6694176573709422,0.25684571428571423,0.03473965899927824,1.898974337897484,0.07840042174646163
0,January,1,Dinoflagellates,1.32,0.062228571428571446,0.062228571428571446,0.062228571428571446,0.07840042174646163
0,January,1,Dinoflagellates,3.29,0.6851571428571429,0.6851571428571429,0.6851571428571429,0.07840042174646163
0,January,1,Dinoflagellates,3.9500000000000006,0.062228571428571446,0.062228571428571446,0.062228571428571446,0.07840042174646163
0,January,2,Coccolithophores,0.33,0.015557142857142856,0.015557142857142856,0.015557142857142856,0.02058446044102501
0,January,2,Coccolithophores,0.6656534921324125,0.12199459562821803,0.021605704066997963,0.6888311214641353,0.02058446044102501
0,January,2,Coccolithophores,1.329059701682777,0.18845636368950475,0.03540171466023117,1.0032226222920178,0.02058446044102501
0,January,2,Coccolithophores,3.0572567152068193,0.7237890286842937,0.5427593497355432,0.965198588101719,0.02058446044102501
0,January,2,Coccolithophores,4.917950792759114,1.7917999999999996,0.7763941398388222,4.135202824517071,0.02058446044102501
0,January,2,Coccolithophores,9.55,1.2601285714285704,1.2601285714285704,1.2601285714285704,0.02058446044102501
0,January,2,Coccolithophores,16.130706415329907,66.4532621548385,21.712111223737576,203.3904490223731,0.02058446044102501
0,January,2,Coccolithophores,29.794016932171896,19.46032287195329,1.7204394434849744,220.12060216054678,0.02058446044102501
0,January,2,Coccolithophores,48.001591374219856,17.842515283113038,2.662539352318808,119.56831787326118,0.02058446044102501
0,January,2,Coccolithophores,80.26415017424152,56.42293833808796,7.1873178944050755,442.93963582463607,0.02058446044102501
1,February,0,Diatoms,0.6105154202963616,16.10148104121074,0.7435765223943521,348.66309507143495,0.20563806996510808
1,February,0,Diatoms,1.4994511066008067,2.8216445865263493,0.08727670512997239,91.22340446762884,0.20563806996510808
1,February,0,Diatoms,3.541269179365616,3.3668927835222,0.1526604263307727,74.25609431465874,0.20563806996510808
1,February,0,Diatoms,9.934298842478697,14.976816453361222,1.1166612157490254,200.87115762072366,0.20563806996510808
1,February,0,Diatoms,27.97117092210968,43.27530766086555,4.5944473809771385,407.61207994165244,0.20563806996510808
1,February,0,Diatoms,66.7499195146249,266.13093642115814,42.56698733506102,1663.8639413897574,0.20563806996510808
1,February,0,Diatoms,164.0458794142748,1676.3634190699122,271.74033635698834,10341.469177781475,0.20563806996510808
1,February,0,Diatoms,483.0363899320729,35496.10913288084,5844.120854832563,215596.8014473041,0.20563806996510808
1,February,0,Diatoms,1328.2536499797227,123919.84255182993,58291.495516837495,263436.84000412555,0.20563806996510808
1,February,0,Diatoms,3500.7749999999974,1001502.3595205725,1001502.3595205725,1001502.3595205725,0.20563806996510808
1,February,1,Dinoflagellates,0.3400000000000001,0.01651428571428572,0.01651428571428572,0.01651428571428572,0.19697310846771404
1,February,1,Dinoflagellates,0.66,5.385657142857143,5.385657142857143,5.385657142857143,0.19697310846771404
1,February,1,Dinoflagellates,1.1,0.027657142857142866,0.027657142857142866,0.027657142857142866,0.19697310846771404
1,February,1,Dinoflagellates,1.98,0.24891428571428564,0.24891428571428564,0.24891428571428564,0.19697310846771404
1,February,1,Dinoflagellates,6.59,5.023557142857142,5.023557142857142,5.023557142857142,0.19697310846771404
1,February,2,Coccolithophores,0.33496268448888455,0.30357142857142866,0.004944560669671956,18.637775608689637,0.023963507821203354
1,February,2,Coccolithophores,0.7087878650848091,0.17814809365198936,0.03354817574907774,0.9460050379255104,0.023963507821203354
1,February,2,Coccolithophores,1.4513663593476849,0.16470858161351515,0.038995160355495016,0.6956995845078785,0.023963507821203354
1,February,2,Coccolithophores,2.8710060428837236,0.2705827808718846,0.101356383885842,0.7223525395975514,0.023963507821203354
1,February,2,Coccolithophores,6.580000000000001,1.5463,1.5463,1.5463,0.023963507821203354
1,February,2,Coccolithophores,9.88,6.204014285714286,6.204014285714286,6.204014285714286,0.023963507821203354
1,February,2,Coccolithophores,23.800000000000004,26.42285714285714,3.7199608702941647,187.6813772873443,0.023963507821203354
1,February,2,Coccolithophores,37.36759320735067,29.81287401664319,3.516041631708556,252.7863860077046,0.023963507821203354
1,February,2,Coccolithophores,62.468900269107976,39.500806044065385,4.263048982345906,366.0088553034288,0.023963507821203354
1,February,2,Coccolithophores,112.57515180746279,199.74257043881713,47.69837136882137,836.445633269254,0.023963507821203354
2,March,0,Diatoms,0.6361377589498194,75.96801043062763,1.1143219833030813,5179.058382821365,0.17557012624228222
2,March,0,Diatoms,1.5278142305500135,14.768922272711407,0.24454616278763222,891.9422926574845,0.17557012624228222
2,March,0,Diatoms,3.621553553900694,13.174330868973932,0.30066668051408607,577.2604850941177,0.17557012624228222
2,March,0,Diatoms,10.152166746457338,45.0087609198332,1.7426458804988751,1162.4786092276952,0.17557012624228222
2,March,0,Diatoms,29.785906675909906,134.19352177071733,8.00959456862238,2248.2912375832375,0.17557012624228222
2,March,0,Diatoms,78.44718324546508,433.9086858714901,42.406691851937765,4439.788614780153,0.17557012624228222
2,March,0,Diatoms,192.93471886423976,3153.1751600602356,253.3469554114723,39244.65393267823,0.17557012624228222
2,March,0,Diatoms,506.7758648932011,11641.270508265396,1173.9743605115557,115436.23404821006,0.17557012624228222
2,March,0,Diatoms,1309.785705044585,134089.39073452298,47666.475844977445,377203.56684288225,0.17557012624228222
2,March,0,Diatoms,3618.8798053655296,1070405.5555849536,556005.2561537104,2060714.4280491837,0.17557012624228222
2,March,1,Dinoflagellates,6.659269339412758,11.60642878504986,1.7307422739506355,77.83318820481773,0.10866246567363655
2,March,1,Dinoflagellates,11.080000000000002,8.669157142857145,8.669157142857145,8.669157142857145,0.10866246567363655
2,March,1,Dinoflagellates,37.17000000000001,32.18572857142858,32.18572857142858,32.18572857142858,0.10866246567363655
2,March,1,Dinoflagellates,72.46,619.8366999999996,619.8366999999996,619.8366999999996,0.10866246567363655
2,March,2,Coccolithophores,2.805480930879327,2.4221989623375637,0.10241882309848017,57.28485873644288,0.04324814221563333
2,March,2,Coccolithophores,7.188735688763981,5.601372416811081,2.461245716286813,12.747761324353606,0.04324814221563333
2,March,2,Coccolithophores,12.956797054556024,106.92397508439967,13.732892110257232,832.5075560238399,0.04324814221563333
2,March,2,Coccolithophores,26.452007462177303,20.26660713653192,2.609153675498833,157.4209172435962,0.04324814221563333
2,March,2,Coccolithophores,45.059249135967654,49.90575231834448,3.6431248247979937,683.6395221780649,0.04324814221563333
2,March,2,Coccolithophores,78.69663415521094,139.09486585493536,34.372951301527976,562.8664683891262,0.04324814221563333
2,March,2,Coccolithophores,116.87309836088242,168.695683060472,17.306553199170313,1644.3617140704553,0.04324814221563333
2,March,2,Coccolithophores,232.58438468650476,4509.688114285712,1956.8602548738459,10392.815142254956,0.04324814221563333
2,March,2,Coccolithophores,553.9199999999998,30927.82630000002,30927.82630000002,30927.82630000002,0.04324814221563333
3,April,0,Diatoms,1.0623898749910048,262.6099766089367,3.89960716773672,17684.858204466796,0.21965749381326022
3,April,0,Diatoms,3.0636598412666287,171.66903881681912,17.943775822360468,1642.3666445702283,0.21965749381326022
3,April,0,Diatoms,10.089949661743988,189.40443465927677,4.6182842362545795,7767.828490715427,0.21965749381326022
3,April,0,Diatoms,29.595133365842344,337.8888083643499,10.534905229236832,10837.197329600554,0.21965749381326022
3,April,0,Diatoms,83.69035492305242,1206.055965962267,64.90821679680396,22409.65882003399,0.21965749381326022
3,April,0,Diatoms,233.19046150620153,7043.136465306062,760.1064303753981,65261.61243554391,0.21965749381326022
3,April,0,Diatoms,654.9205812430363,35661.71381654006,3588.1139304594526,354436.30190693453,0.21965749381326022
3,April,0,Diatoms,1784.3526160730457,245199.93976871128,43914.37909815079,1369096.2208119067,0.21965749381326022
3,April,0,Diatoms,5011.62691323933,3034495.1331563955,822127.6537397327,11200402.603249434,0.21965749381326022
3,April,0,Diatoms,16313.626681920861,13400028.813923549,3088362.8173509757,58141087.311755195,0.21965749381326022
3,April,1,Dinoflagellates,0.4737087712930805,19.085657142857148,3.1596115699577187,115.28705364867639,0.17433428331306025
3,April,1,Dinoflagellates,2.126297873810494,254.15031501896112,12.61298787634193,5121.100825395425,0.17433428331306025
3,April,1,Dinoflagellates,4.656296811845224,4.996728571428572,2.2923293560917544,10.891670671224112,0.17433428331306025
3,April,1,Dinoflagellates,9.63689480509117,19.422629907062383,2.802689425758466,134.59877110879873,0.17433428331306025
3,April,1,Dinoflagellates,22.58911282854465,8.834368043601547,1.141104549536947,68.39518671753504,0.17433428331306025
3,April,1,Dinoflagellates,42.47765703835511,60.600152673114884,26.614457252936717,137.98434696990157,0.17433428331306025
3,April,1,Dinoflagellates,87.12713314162096,212.34072833175534,43.70633823293618,1031.6257717166184,0.17433428331306025
3,April,1,Dinoflagellates,176.79999999999995,4363.008228571431,4363.008228571431,4363.008228571431,0.17433428331306025
3,April,2,Coccolithophores,1.65,142.56115714285718,142.56115714285718,142.56115714285718,0.07544978681403795
3,April,2,Coccolithophores,6.673210336675302,10.083241003091462,0.9519748392114887,106.80087848817374,0.07544978681403795
3,April,2,Coccolithophores,11.315715832807971,103.66306627020016,12.971989549320083,828.4027109089953,0.07544978681403795
3,April,2,Coccolithophores,20.291281938563568,18.764398440806517,3.40712006411737,103.34318785932064,0.07544978681403795
3,April,2,Coccolithophores,29.6020680617079,25.549004488654074,9.109594073590518,71.65540254462579,0.07544978681403795
3,April,2,Coccolithophores,44.42726199351403,38.63690056452883,12.984006194311508,114.97299546016168,0.07544978681403795
3,April,2,Coccolithophores,63.0282976133134,116.29220509654814,61.38213622923811,220.32268338969607,0.07544978681403795
3,April,2,Coccolithophores,107.26927720428287,433.5829011330281,204.91782966306394,917.4122742957139,0.07544978681403795
4,May,0,Diatoms,4.043304191009251,7388.616255884027,150.6435825831104,362389.48410958936,0.2197092086417729
4,May,0,Diatoms,14.58076382496137,385.6533800097782,15.346138781320896,9691.592890714412,0.2197092086417729
4,May,0,Diatoms,32.53278589460551,1210.571613271888,13.093889203817955,111921.18766610547,0.2197092086417729
4,May,0,Diatoms,82.50195292475655,2931.9767252655292,159.110559090055,54028.39111785944,0.2197092086417729
4,May,0,Diatoms,207.65886813209656,7017.752468856573,343.05488038225167,143559.68251862965,0.2197092086417729
4,May,0,Diatoms,506.85436581947556,23566.139931948404,1596.0891144045918,347952.3456930203,0.2197092086417729
4,May,0,Diatoms,1213.6447205204172,115406.7004235271,9937.7868230739,1340208.5131995277,0.2197092086417729
4,May,0,Diatoms,2996.183444326118,895914.4993740189,184119.72670849078,4359461.120966261,0.2197092086417729
4,May,0,Diatoms,7142.476103735416,4060716.165922198,2006671.8040389356,8217295.796448999,0.2197092086417729
4,May,0,Diatoms,18367.012377104642,15957320.620980283,2156749.915457,118064723.02413747,0.2197092086417729
4,May,1,Dinoflagellates,6.800000000000001,14.862857142857145,14.862857142857145,14.862857142857145,0.1337522195205432
4,May,1,Dinoflagellates,13.061157870772167,78.4035465012621,22.458238270014697,273.71319290805377,0.1337522195205432
4,May,1,Dinoflagellates,21.911699466665606,60.3657211934606,22.884361389802773,159.23626764740686,0.1337522195205432
4,May,1,Dinoflagellates,33.2715207585877,70.3335144439024,23.31646937506106,212.15918990383912,0.1337522195205432
4,May,1,Dinoflagellates,51.762099320614595,353.6431645056549,49.261534584133514,2538.7655674424536,0.1337522195205432
4,May,1,Dinoflagellates,90.19986363626056,232.39171428571456,130.95673091767742,412.3950597285649,0.1337522195205432
4,May,1,Dinoflagellates,131.25973746848427,2725.7032141988716,685.1267827067535,10843.917066768658,0.1337522195205432
4,May,1,Dinoflagellates,209.06000000000003,693.8137285714283,693.8137285714283,693.8137285714283,0.1337522195205432
4,May,1,Dinoflagellates,272.0000000000001,23780.57142857143,23780.57142857143,23780.57142857143,0.1337522195205432
4,May,1,Dinoflagellates,523.6000000000001,31907.25142857144,31907.25142857144,31907.25142857144,0.1337522195205432
4,May,2,Coccolithophores,3.4,9.234514285714281,9.234514285714281,9.234514285714281,0.06357515282356466
4,May,2,Coccolithophores,6.800000000000001,3.0756571428571426,3.0756571428571426,3.0756571428571426,0.06357515282356466
4,May,2,Coccolithophores,11.078999954869522,34.598134285714586,13.2326894203161,90.46013686488719,0.06357515282356466
4,May,2,Coccolithophores,16.722739010102387,41.05194531670473,8.759446374363856,192.3936904526235,0.06357515282356466
4,May,2,Coccolithophores,22.146196049244082,31.63632292535338,8.966639678454367,111.62006773196934,0.06357515282356466
4,May,2,Coccolithophores,33.438944716750974,45.11860774394753,5.161168705968712,394.4239920694702,0.06357515282356466
4,May,2,Coccolithophores,46.66390247836623,249.89840096856705,91.057779590324,685.8196091274198,0.06357515282356466
4,May,2,Coccolithophores,73.52844995095778,223.30428013184132,81.9928128100389,608.1606401371633,0.06357515282356466
4,May,2,Coccolithophores,106.44302591460206,206.3616061403036,34.59063286161482,1231.1168939630013,0.06357515282356466
4,May,2,Coccolithophores,177.7774970708877,1519.1388644377487,1177.5482775079008,1959.820190412302,0.06357515282356466
5,June,0,Diatoms,2.8197485414845396,235.878394661197,15.469976908051244,3596.5546295668123,0.26227738460520167
5,June,0,Diatoms,7.73746828694422,258.3525387061106,5.650502231083097,11812.407380130957,0.26227738460520167
5,June,0,Diatoms,17.116329858074657,774.2202061921594,19.93834685761955,30063.521913661494,0.26227738460520167
5,June,0,Diatoms,48.41316832605329,2010.9904163551141,49.0330147248369,82476.7246592253,0.26227738460520167
5,June,0,Diatoms,139.43409971143214,2896.3735536257245,161.84698773820963,51832.782799219225,0.26227738460520167
5,June,0,Diatoms,408.6832914365279,14653.274284136032,1425.2587238856086,150652.25958466448,0.26227738460520167
5,June,0,Diatoms,1147.9581842553475,122937.65781555271,17822.94746913534,847989.2416979196,0.26227738460520167
5,June,0,Diatoms,2723.3214619985633,503990.2756169675,147070.5091875551,1727104.9058009281,0.26227738460520167
5,June,0,Diatoms,7690.933136309536,8770337.93749475,2763039.8697446077,27838479.05349603,0.26227738460520167
5,June,0,Diatoms,29010.095961932275,97186483.25459203,39016124.63464686,242084846.09482813,0.26227738460520167
5,June,1,Dinoflagellates,6.800000000000001,14.862857142857145,14.862857142857145,14.862857142857145,0.16841164556629143
5,June,1,Dinoflagellates,12.245153739178742,67.7622885342687,8.88937830520401,516.5409311822629,0.16841164556629143
5,June,1,Dinoflagellates,21.3691079427238,24.539683738451984,4.568497711549922,131.8149019667434,0.16841164556629143
5,June,1,Dinoflagellates,32.4081463455083,59.53783804542576,27.84614471914791,127.29784301831401,0.16841164556629143
5,June,1,Dinoflagellates,46.45899998923777,93.32061142857167,22.637745373836097,384.69981765355965,0.16841164556629143
5,June,1,Dinoflagellates,65.87000000000002,272.93772857142875,272.93772857142875,272.93772857142875,0.16841164556629143
5,June,1,Dinoflagellates,104.56570183382318,833.0280000000007,546.7559395494818,1269.1872160653493,0.16841164556629143
5,June,2,Coccolithophores,5.102257823819475,27.268661353345806,4.732535309275057,157.12083342434883,0.1415035827727244
5,June,2,Coccolithophores,11.191503105827751,42.91345727850164,11.556236483611759,159.35679563198295,0.1415035827727244
5,June,2,Coccolithophores,26.793748985812954,79.4572179628681,2.0937561289666267,3015.3700323803873,0.1415035827727244
5,June,2,Coccolithophores,51.729849112717275,173.08021335642553,43.50049770453034,688.6532760839182,0.1415035827727244
5,June,2,Coccolithophores,117.12354839288336,525.1866732987154,83.90951466056944,3287.124742960583,0.1415035827727244
5,June,2,Coccolithophores,10301.999999999998,15011857.285714287,15011857.285714287,15011857.285714287,0.1415035827727244
6,July,0,Diatoms,0.8704790083795764,47.579194541829814,2.635585731769773,858.9285205035546,0.28012957029049523
6,July,0,Diatoms,3.2466605581788883,157.88175618165718,7.9584118766977925,3132.1134569560813,0.28012957029049523
6,July,0,Diatoms,9.065921960501711,104.51162315626934,3.343067679974419,3267.262412958878,0.28012957029049523
6,July,0,Diatoms,25.36525085926671,369.7523123076507,9.522914328132089,14356.610565420406,0.28012957029049523
6,July,0,Diatoms,63.2131405758974,1133.3406154785687,41.92574574719033,30636.56776527155,0.28012957029049523
6,July,0,Diatoms,171.32772475049018,5722.575183310937,467.87674020433843,69992.5085276606,0.28012957029049523
6,July,0,Diatoms,454.73470695152065,18213.81286310749,1931.288198021362,171772.90233129179,0.28012957029049523
6,July,0,Diatoms,1144.9107146592735,132706.00439326558,17923.112124145024,982579.5587308196,0.28012957029049523
6,July,0,Diatoms,3412.9258321853135,750982.9293547319,182722.20907093628,3086517.851605374,0.28012957029049523
6,July,0,Diatoms,9291.405250218519,5548334.588118894,1365495.5426385985,22544208.85346234,0.28012957029049523
6,July,1,Dinoflagellates,1.32,13.608228571428569,13.608228571428569,13.608228571428569,0.11369526854135793
6,July,1,Dinoflagellates,3.29,9.488928571428568,9.488928571428568,9.488928571428568,0.11369526854135793
6,July,1,Dinoflagellates,6.037648548897162,1.0574999999999997,0.617897184480358,1.8098581415943455,0.11369526854135793
6,July,1,Dinoflagellates,7.699189210181886,15.499391370316037,0.669812518424724,358.6542894349104,0.11369526854135793
6,July,1,Dinoflagellates,10.894191042262761,9.380303837152857,2.755243984879251,31.935502104420994,0.11369526854135793
6,July,1,Dinoflagellates,22.156999999999996,40.73868128571428,40.73868128571428,40.73868128571428,0.11369526854135793
6,July,1,Dinoflagellates,33.53163900401697,52.01309653539193,23.43829699751107,115.42486262919547,0.11369526854135793
6,July,1,Dinoflagellates,49.400000000000006,209.77462857142848,209.77462857142848,209.77462857142848,0.11369526854135793
6,July,1,Dinoflagellates,74.41149104809016,620.3931428571431,503.2531892799188,764.7992300950561,0.11369526854135793
6,July,2,Coccolithophores,4.000455717669935,5.051237265861869,0.011995880406117494,2126.9800174916622,0.1995510984871961
6,July,2,Coccolithophores,6.4398873882268735,15.524589930954356,1.6184555402047986,148.91536192201593,0.1995510984871961
6,July,2,Coccolithophores,11.587242699837361,82.82626805019328,1.3418528311171305,5112.4762120233145,0.1995510984871961
6,July,2,Coccolithophores,19.54098255112909,70.55645224198096,13.781928555572541,361.21308660840975,0.1995510984871961
6,July,2,Coccolithophores,32.32441808314459,149.8869265544477,18.543475002397948,1211.5361737232754,0.1995510984871961
6,July,2,Coccolithophores,50.29659060496618,139.22184849944534,16.9463705097791,1143.7684009338448,0.1995510984871961
6,July,2,Coccolithophores,88.94736490775321,715.0600275745676,190.67456716212158,2681.5891109389427,0.1995510984871961
6,July,2,Coccolithophores,150.77171378881698,2362.899314719104,599.6408467761931,9311.062115793273,0.1995510984871961
6,July,2,Coccolithophores,211.5909481943724,3651.8605524495506,2010.8368571832568,6632.10714827362,0.1995510984871961
6,July,2,Coccolithophores,398.95051429469703,20101.073707573974,5375.4432044368,75166.48373548486,0.1995510984871961
7,August,0,Diatoms,0.626279124912498,0.5711309551104901,0.01637641090408361,19.91831847624694,0.3624606688140026
7,August,0,Diatoms,1.5940465402679844,4.129196614331955,0.03736236033656969,456.3487029785413,0.3624606688140026
7,August,0,Diatoms,4.484490879658293,413.8454508406176,9.481783871804272,18062.851832213688,0.3624606688140026
7,August,0,Diatoms,16.606940014682333,485.1437049082827,9.950352807786048,23653.876295518374,0.3624606688140026
7,August,0,Diatoms,51.26433789179869,1448.2731413072377,38.27630317288719,54798.78979842758,0.3624606688140026
7,August,0,Diatoms,161.80244422017438,5278.41718642752,326.4840015269323,85338.60116779736,0.3624606688140026
7,August,0,Diatoms,495.63559881082307,24436.022451174853,2491.171391641216,239694.14358155886,0.3624606688140026
7,August,0,Diatoms,1418.9533373067698,114335.3468730253,17325.91480872871,754509.7438658256,0.3624606688140026
7,August,0,Diatoms,4247.147784440209,1424420.460024029,386489.3368918448,5249753.23576095,0.3624606688140026
7,August,0,Diatoms,11631.850206243955,8003857.993609305,1335640.4993799473,47963312.59167668,0.3624606688140026
7,August,1,Dinoflagellates,1.36,4.227657142857141,4.227657142857141,4.227657142857141,0.6060991280783506
7,August,1,Dinoflagellates,6.800000000000001,105.69142857142853,105.69142857142853,105.69142857142853,0.6060991280783506
7,August,1,Dinoflagellates,10.775295384010104,29.045788610935926,2.8158626083295353,299.60901982063,0.6060991280783506
7,August,2,Coccolithophores,1.000069606693142,4.723237512156249,0.7545222610322236,29.567017102610308,0.22391274265437228
7,August,2,Coccolithophores,3.027121664043975,6.8266024575157775,0.43110764308800126,108.09945464930576,0.22391274265437228
7,August,2,Coccolithophores,6.925999747766492,71.59064181349605,2.3681034989308367,2164.2719575315223,0.22391274265437228
7,August,2,Coccolithophores,15.949400720793257,40.80200054152406,4.5555968855772635,365.4413000108051,0.22391274265437228
7,August,2,Coccolithophores,45.17088251105806,194.08253612649202,6.369312053343608,5913.987337065239,0.22391274265437228
7,August,2,Coccolithophores,96.48860928880536,830.8229804346399,210.73047590560574,3275.590879069124,0.22391274265437228
7,August,2,Coccolithophores,275.5764764269293,5269.844752310544,2402.8005043538633,11557.873266271414,0.22391274265437228
7,August,2,Coccolithophores,681.09740024036,38941.944559250034,20701.424076598243,73254.62443764873,0.22391274265437228
7,August,2,Coccolithophores,1564.0000000000005,333523.1088000002,333523.1088000002,333523.1088000002,0.22391274265437228
8,September,0,Diatoms,0.9849478023392663,177.71857288607467,1.8572688421833987,17005.556993856142,0.3139725853221063
8,September,0,Diatoms,3.364290838623288,643.671541968216,9.540445310117702,43427.014198211466,0.3139725853221063
8,September,0,Diatoms,10.257790849678523,233.76210672235953,3.526116994733431,15497.138246091243,0.3139725853221063
8,September,0,Diatoms,29.415349624343964,363.27886218874147,11.558802964055591,11417.404736765438,0.3139725853221063
8,September,0,Diatoms,86.00003519878241,1326.884392103312,79.11849792621882,22252.977952756715,0.3139725853221063
8,September,0,Diatoms,243.17931168819442,6135.23439200631,594.8378063060088,63279.604365787345,0.3139725853221063
8,September,0,Diatoms,716.0789513567237,50031.66386601325,4814.158307121572,519959.50891328335,0.3139725853221063
8,September,0,Diatoms,2153.7170908368967,257521.17635153973,52487.13970109487,1263493.4318605566,0.3139725853221063
8,September,0,Diatoms,5931.523483103272,3391016.4747127458,1490798.4051911125,7713311.666911227,0.3139725853221063
8,September,0,Diatoms,32272.70999999998,147362981.7303,147362981.7303,147362981.7303,0.3139725853221063
8,September,1,Dinoflagellates,3.4,6.605714285714285,6.605714285714285,6.605714285714285,0.18066730161259598
8,September,1,Dinoflagellates,6.694176573709421,7.679142857142857,3.018082217832203,19.538644332480768,0.18066730161259598
8,September,1,Dinoflagellates,10.199999999999998,6.605714285714285,6.605714285714285,6.605714285714285,0.18066730161259598
8,September,2,Coccolithophores,0.66,0.9881285714285714,0.9881285714285714,0.9881285714285714,0.12439651846692065
8,September,2,Coccolithophores,2.201066149912461,0.7791949404446948,0.028965027284824602,20.961304446369624,0.12439651846692065
8,September,2,Coccolithophores,4.761239711732427,14.236760157465273,1.5752358252943277,128.66983884353917,0.12439651846692065
8,September,2,Coccolithophores,11.405053808955975,143.0556476905181,8.820771378388216,2320.082616163793,0.12439651846692065
8,September,2,Coccolithophores,24.60985976294724,43.08588739060837,1.9433870995116869,955.2361918542325,0.12439651846692065
8,September,2,Coccolithophores,57.16577973993543,126.4976025432175,11.646796884624363,1373.9093767752188,0.12439651846692065
8,September,2,Coccolithophores,117.09155286917256,1326.3156682181277,184.05214846018794,9557.689309676327,0.12439651846692065
8,September,2,Coccolithophores,255.09194700252317,2870.3611630341334,703.2631400102626,11715.349116881673,0.12439651846692065
8,September,2,Coccolithophores,502.61043147951256,36855.34804526939,11560.213005204458,117499.27781836047,0.12439651846692065
8,September,2,Coccolithophores,1394.34708141883,154835.32214080205,54444.186012190396,440340.4429093314,0.12439651846692065
9,October,0,Diatoms,1.1729436661305723,78.58649636414943,0.6767302298488921,9125.996059273839,0.27036249172758825
9,October,0,Diatoms,2.971017450631709,57.500220283133,1.2452209915778134,2655.1715357925777,0.27036249172758825
9,October,0,Diatoms,7.565854361298355,56.9641088117131,1.5159524194992529,2140.508930870367,0.27036249172758825
9,October,0,Diatoms,17.406320936238778,81.3798122905127,4.399329005327375,1505.3827164141048,0.27036249172758825
9,October,0,Diatoms,45.57534040528221,393.30285668496515,18.271234245249907,8466.15696565596,0.27036249172758825
9,October,0,Diatoms,111.88326048499702,1228.262514363389,150.72607209675382,10009.076619616675,0.27036249172758825
9,October,0,Diatoms,282.27060069167237,5283.271413381438,665.5541795188893,41939.420841186824,0.27036249172758825
9,October,0,Diatoms,717.5334643679977,35198.18716450849,8593.8624435514,144162.46336330616,0.27036249172758825
9,October,0,Diatoms,1731.8535313542473,170746.25700216662,35820.708370556844,813894.6884761655,0.27036249172758825
9,October,0,Diatoms,4380.210181516129,2173780.5872568544,794187.6137093132,5949881.312634406,0.27036249172758825
9,October,1,Dinoflagellates,6.800000000000001,2.931557142857142,2.931557142857142,2.931557142857142,0.11048157550566419
9,October,1,Dinoflagellates,7.930000000000001,5491.9207000000015,5491.9207000000015,5491.9207000000015,0.11048157550566419
9,October,1,Dinoflagellates,11.080000000000002,2.880014285714286,2.880014285714286,2.880014285714286,0.11048157550566419
9,October,1,Dinoflagellates,22.158499949229412,24.230618571428575,8.493136835937355,69.12909655119914,0.11048157550566419
9,October,2,Coccolithophores,1.0529104325948155,2.3739772617045665,0.1396088117439273,40.36828312404467,0.15329612134273018
9,October,2,Coccolithophores,3.0833534936137617,6.254432603655646,0.09187475931057938,425.7744726321836,0.15329612134273018
9,October,2,Coccolithophores,6.396582998148981,9.111586300572785,1.1229015614466198,73.93435699370723,0.15329612134273018
9,October,2,Coccolithophores,15.052314650335838,37.36080725407855,2.6714190355453313,522.5050432387405,0.15329612134273018
9,October,2,Coccolithophores,36.83427222343173,929.2266946686733,48.011139942659064,17984.622967005627,0.15329612134273018
9,October,2,Coccolithophores,92.58509590889318,503.16963510748656,73.54532587280892,3442.498604629971,0.15329612134273018
9,October,2,Coccolithophores,205.75957951852502,2468.8848168278682,169.49840255487996,35961.35507406695,0.15329612134273018
9,October,2,Coccolithophores,455.59473732455666,11421.222612249636,610.5649936575667,213645.2749725145,0.15329612134273018
9,October,2,Coccolithophores,1105.5322229315923,58428.05605343919,16084.747474849155,212240.67953331966,0.15329612134273018
9,October,2,Coccolithophores,3306.5237945753097,968513.3488929947,332283.6198733773,2822944.1684226636,0.15329612134273018
10,November,0,Diatoms,0.5774574603226902,4.970117408064889,0.1005080657005579,245.77198733029178,0.22676996526957313
10,November,0,Diatoms,1.438572869128255,2.3499286663809755,0.06629067831716297,83.30228136539304,0.22676996526957313
10,November,0,Diatoms,3.5049052267438316,4.932986738105715,0.269485317623088,90.29938392547895,0.22676996526957313
10,November,0,Diatoms,8.979903774921597,14.25027968840656,0.7007999452272351,289.7695306354037,0.22676996526957313
10,November,0,Diatoms,21.19768925564917,119.26752453674997,6.622576033572108,2147.916813187823,0.22676996526957313
10,November,0,Diatoms,52.676939033611866,270.1851195792321,39.19456777893015,1862.5029686202233,0.22676996526957313
10,November,0,Diatoms,139.40188387847112,2350.320994807009,325.13836774519103,16989.716768707327,0.22676996526957313
10,November,0,Diatoms,326.81218145417614,5484.559709146841,564.0449326333344,53329.78538210017,0.22676996526957313
10,November,0,Diatoms,758.4549284733048,16500.227976213817,982.455997640085,277119.3050080689,0.22676996526957313
10,November,0,Diatoms,2003.8009697899954,512397.04490628635,275600.5698959048,952649.4510800942,0.22676996526957313
10,November,1,Dinoflagellates,0.33,0.08470000000000001,0.08470000000000001,0.08470000000000001,0.06580827580751065
10,November,1,Dinoflagellates,1.32,0.0069142857142857105,0.0069142857142857105,0.0069142857142857105,0.06580827580751065
10,November,1,Dinoflagellates,2.64,0.24891428571428573,0.24891428571428573,0.24891428571428573,0.06580827580751065
10,November,1,Dinoflagellates,3.29,0.5544142857142857,0.5544142857142857,0.5544142857142857,0.06580827580751065
10,November,1,Dinoflagellates,11.402666354848762,15.594971428571432,10.948928036451754,22.212506379462397,0.06580827580751065
10,November,2,Coccolithophores,0.5457753579417591,0.17413684288855233,0.022385737947495005,1.354596400722435,0.0928225893100528
10,November,2,Coccolithophores,1.304665820138298,0.4400818918078758,0.03390852519359628,5.7116040993069905,0.0928225893100528
10,November,2,Coccolithophores,3.290666329193635,1.6166803777991732,0.6460072159966471,4.045861066626913,0.0928225893100528
10,November,2,Coccolithophores,8.395776674383098,29.50707183118883,3.785701938552843,229.98833563314466,0.0928225893100528
10,November,2,Coccolithophores,25.67571350911236,69.01148521847516,8.477796208146474,561.7715943069448,0.0928225893100528
10,November,2,Coccolithophores,52.8587724527522,98.8887237318501,9.162660070905062,1067.2642666692566,0.0928225893100528
10,November,2,Coccolithophores,127.98641979708265,1207.5638518462933,385.41479568481054,3783.4833343512087,0.0928225893100528
10,November,2,Coccolithophores,266.05607265854746,5351.736937312894,2373.1027713531553,12069.046731536144,0.0928225893100528
10,November,2,Coccolithophores,3434.31,1668804.3236571439,1668804.3236571439,1668804.3236571439,0.0928225893100528
11,December,0,Diatoms,0.5127420453327691,0.10468874634756246,0.02758702839130644,0.397278512798357,0.09693098649831962
11,December,0,Diatoms,1.2489098752052594,0.6434101309517304,0.061619228490263134,6.718302172133461,0.09693098649831962
11,December,0,Diatoms,2.621290986911714,0.9421481476592819,0.09567177641232721,9.27800408254408,0.09693098649831962
11,December,0,Diatoms,5.141561677297969,1.7939843839044778,0.2407357493210845,13.368932444680546,0.09693098649831962
11,December,0,Diatoms,11.337785336292585,7.670486709995532,0.688846095827816,85.41293436164707,0.09693098649831962
11,December,0,Diatoms,24.511978515085477,37.28996602530983,3.7319299241415504,372.60655865306074,0.09693098649831962
11,December,0,Diatoms,53.937400151949966,186.97792720437772,20.56580188864515,1699.9456403860518,0.09693098649831962
11,December,0,Diatoms,113.64580913185112,1228.7050908454169,152.77839842102668,9881.73862190235,0.09693098649831962
11,December,0,Diatoms,233.43194346171984,5046.077853472591,3407.086682602151,7473.511558519946,0.09693098649831962
11,December,0,Diatoms,505.7784714555175,5136.087361045619,647.2152393169515,40758.30075962434,0.09693098649831962
11,December,1,Dinoflagellates,0.329,0.13944914285714285,0.13944914285714285,0.13944914285714285,0.07623166291082023
11,December,1,Dinoflagellates,0.66,0.041485714285714285,0.023381260751294382,0.07360871204092964,0.07623166291082023
11,December,1,Dinoflagellates,1.3690811253533994,0.06194537899163322,0.025652751400554587,0.14958356390317326,0.07623166291082023
11,December,1,Dinoflagellates,2.19,0.33441428571428566,0.33441428571428566,0.33441428571428566,0.07623166291082023
11,December,1,Dinoflagellates,3.29,2.0617285714285716,0.43412351877048616,9.79150983177252,0.07623166291082023
11,December,2,Coccolithophores,0.3400000000000001,0.01651428571428572,0.01651428571428572,0.01651428571428572,0.02411975654530509
11,December,2,Coccolithophores,0.7416705622363877,0.05153314549390712,0.011783435884785151,0.22537272748479173,0.02411975654530509
11,December,2,Coccolithophores,1.3221729056769564,0.22381961892035945,0.05754058890522242,0.8706066928888917,0.02411975654530509
11,December,2,Coccolithophores,2.780943477648792,1.6542603988225801,0.12905899399202542,21.204081811467827,0.02411975654530509
11,December,2,Coccolithophores,6.59,1.5557142857142856,1.5557142857142856,1.5557142857142856,0.02411975654530509
11,December,2,Coccolithophores,9.492997419150601,21.252427142857144,9.640309979931398,46.851777629837706,0.02411975654530509
11,December,2,Coccolithophores,19.17380985790247,10.999781086873679,0.9936545931713039,121.76785050928112,0.02411975654530509
11,December,2,Coccolithophores,30.013463959696264,18.117609216877998,1.7341341534083634,189.28625740421893,0.02411975654530509
11,December,2,Coccolithophores,50.276682302774546,16.485050694673617,1.7538203781061752,154.9513848729537,0.02411975654530509
11,December,2,Coccolithophores,90.11362785454317,124.42043650363757,14.181100216456242,1091.6251054901695,0.02411975654530509
