Month_ID,Month_Name,Group_ID,Group_Name,x,y
0,January,0,Diatoms,1.998145088265724,0.02070419110798982
0,January,0,Diatoms,4.578605197998019,0.009035497925663829
0,January,0,Diatoms,10.491543222884637,0.019715868719249345
0,January,0,Diatoms,24.040613775956352,0.006883348013405539
0,January,0,Diatoms,55.08733066686021,0.004505933825597291
0,January,0,Diatoms,126.22864076103565,0.00196643063822239
0,January,0,Diatoms,289.24381623675345,0.0005244361675893832
0,January,0,Diatoms,662.7813206796853,4.161249618654471e-05
0,January,0,Diatoms,1518.7155416396076,2.7240109575939163e-05
0,January,1,Dinoflagellates,0.3849140423094486,1.0292760531078688
0,January,1,Dinoflagellates,0.5236768622341212,0.0
0,January,1,Dinoflagellates,0.7124641501618789,0.6487530268829046
0,January,1,Dinoflagellates,0.9693098967564321,0.1362422233177773
0,January,1,Dinoflagellates,1.3187494075828057,0.9012693480111105
0,January,1,Dinoflagellates,1.7941630492162424,0.14721174363245373
0,January,1,Dinoflagellates,2.4409649237857938,0.10820387800837603
0,January,1,Dinoflagellates,3.3209410715237944,0.11929835481009556
0,January,1,Dinoflagellates,4.518151610072633,0.029228973884720687
0,January,2,Coccolithophores,11.576734553068537,0.0
0,January,2,Coccolithophores,15.894407263365748,0.00476291744325865
0,January,2,Coccolithophores,21.822404331346696,0.005203625718010183
0,January,2,Coccolithophores,29.96131424783543,0.013896941215028984
0,January,2,Coccolithophores,41.135721702675866,0.019323579068267094
0,January,2,Coccolithophores,56.47774947396538,0.010053129370864734
0,January,2,Coccolithophores,77.54175819982044,0.010251113584547621
0,January,2,Coccolithophores,106.46182471366198,0.0035554411080475695
0,January,2,Coccolithophores,146.16795368703328,0.0
1,February,0,Diatoms,6.383374672774779,0.0040792066072034205
1,February,0,Diatoms,15.625383392457348,0.0066658470995361
1,February,0,Diatoms,38.24820235017656,0.004765550216485498
1,February,0,Diatoms,93.62490162809267,0.0022249725180912474
1,February,0,Diatoms,229.1773643272823,0.0011361987785256176
1,February,0,Diatoms,560.9860561310358,0.00025529168009205515
1,February,0,Diatoms,1373.1956299315455,7.584965630202566e-05
1,February,0,Diatoms,3361.342438826389,1.1619957479189208e-05
1,February,0,Diatoms,8227.977678328743,1.5823514087806118e-06
1,February,1,Dinoflagellates,0.41331352915319497,0.10448554075754826
1,February,1,Dinoflagellates,0.648352193641603,0.8659008857431356
1,February,1,Dinoflagellates,1.0170501020402645,0.04246131779481654
1,February,1,Dinoflagellates,1.5954151465891455,0.40602555098253135
1,February,1,Dinoflagellates,2.5026785650578462,0.03451125382135047
1,February,1,Dinoflagellates,3.9258747250774113,0.14300220411049902
1,February,1,Dinoflagellates,6.158398674200256,0.028049686212684454
1,February,1,Dinoflagellates,9.660490180221846,0.0
1,February,1,Dinoflagellates,15.15411318093695,0.005699480673050137
1,February,2,Coccolithophores,29.803161283729125,0.013421773325047251
1,February,2,Coccolithophores,36.692303952540286,0.007786982789116282
1,February,2,Coccolithophores,45.173904758909664,0.012649884524985736
1,February,2,Coccolithophores,55.616067985443586,0.015412218971299988
1,February,2,Coccolithophores,68.47198697277595,0.013353073664302738
1,February,2,Coccolithophores,84.29961286056935,0.006100860886742925
1,February,2,Coccolithophores,103.78586985167146,0.007157795983475276
1,February,2,Coccolithophores,127.77646794990677,0.0017888886362610584
1,February,2,Coccolithophores,157.31260705419245,0.0018162710841924232
2,March,0,Diatoms,10.689367065967854,0.00352583018932529
2,March,0,Diatoms,23.95849583262544,0.0005243636518929009
2,March,0,Diatoms,53.69911230660482,0.0007018531868977158
2,March,0,Diatoms,120.35791740275398,0.0011481804524149848
2,March,0,Diatoms,269.76290034028017,0.00046570393307639163
2,March,0,Diatoms,604.6301229729881,0.00035322486616615173
2,March,0,Diatoms,1355.1811058718215,0.0001575954633235255
2,March,0,Diatoms,3037.4203334126973,0.00010340159567692412
2,March,0,Diatoms,6807.888806783236,1.6608185375361828e-05
2,March,1,Dinoflagellates,0.4690806545927723,0.06644003624884341
2,March,1,Dinoflagellates,0.8928628092381649,0.1047162073690822
2,March,1,Dinoflagellates,1.699503034958353,0.09169073268391875
2,March,1,Dinoflagellates,3.2348873040160604,0.07707405610348954
2,March,1,Dinoflagellates,6.157385808928981,0.02530760347157454
2,March,1,Dinoflagellates,11.720160993840842,0.03456902718699778
2,March,1,Dinoflagellates,22.30852150312816,0.009779229422838893
2,March,1,Dinoflagellates,42.46273851673763,0.0036697745816005605
2,March,1,Dinoflagellates,80.82490639677764,0.0007711913835514811
2,March,2,Coccolithophores,8.720256825099835,0.012266982551434342
2,March,2,Coccolithophores,14.340688482580486,0.004475569151960717
2,March,2,Coccolithophores,23.58363409234362,0.01088598012319948
2,March,2,Coccolithophores,38.78389783566869,0.015445557770297715
2,March,2,Coccolithophores,63.78112573481282,0.008050374433009865
2,March,2,Coccolithophores,104.88971524308018,0.0030595346188981953
2,March,2,Coccolithophores,172.49385671738696,0.0004961161648453934
2,March,2,Coccolithophores,283.6706204825108,7.541932832915347e-05
2,March,2,Coccolithophores,466.50369153014356,4.586083251202484e-05
3,April,0,Diatoms,17.22370670665489,0.0
3,April,0,Diatoms,43.16403875519902,0.00026759953262050573
3,April,0,Diatoms,108.1726641885075,0.0004271199820603775
3,April,0,Diatoms,271.08967592218676,0.00017043329381853916
3,April,0,Diatoms,679.3732311476516,0.00023802744197544046
3,April,0,Diatoms,1702.5657123603728,9.497987136865178e-05
3,April,0,Diatoms,4266.771005988,7.850658515306717e-05
3,April,0,Diatoms,10692.882327755011,2.0524199987831073e-05
3,April,0,Diatoms,26797.25073474847,2.58623768040354e-06
3,April,1,Dinoflagellates,3.5752224608474887,0.0206447505457457
3,April,1,Dinoflagellates,6.556942216452236,0.018761177952874
3,April,1,Dinoflagellates,12.025403090498084,0.024551218880326558
3,April,1,Dinoflagellates,22.05453620227344,0.011155615209617657
3,April,1,Dinoflagellates,40.44792207270977,0.00912402566899015
3,April,1,Dinoflagellates,74.18131059275488,0.003979955342387937
3,April,1,Dinoflagellates,136.04819627981712,0.0010850504140155698
3,April,1,Dinoflagellates,249.51179162368933,0.0001972106551743314
3,April,1,Dinoflagellates,457.6035247921852,5.376530253146045e-05
3,April,2,Coccolithophores,3.4512176433946777,0.007175829198862244
3,April,2,Coccolithophores,5.55621747253522,0.013371694930688162
3,April,2,Coccolithophores,8.945119025220292,0.013842939522255364
3,April,2,Coccolithophores,14.401011978180952,0.005159085009016486
3,April,2,Coccolithophores,23.184615588790766,0.01495452341625323
3,April,2,Coccolithophores,37.325599118618115,0.019904849959726738
3,April,2,Coccolithophores,60.091587209121826,0.005769773987044396
3,April,2,Coccolithophores,96.74322552294461,0.0017919336203916943
3,April,2,Coccolithophores,155.74978327686102,0.0011130509122541776
4,May,0,Diatoms,94.2343084790458,0.0002930267345698133
4,May,0,Diatoms,192.86428735569868,0.00028634820968313757
4,May,0,Diatoms,394.72495673370025,0.00020986642390099768
4,May,0,Diatoms,807.8623243559136,8.545135373182079e-05
4,May,0,Diatoms,1653.4083390983599,0.00011690530240812817
4,May,0,Diatoms,3383.9418591274775,5.712042639416206e-05
4,May,0,Diatoms,6925.731675092224,3.787688340208029e-05
4,May,0,Diatoms,14174.52226786879,2.1428933048924668e-05
4,May,0,Diatoms,29010.23183512704,6.186976272973269e-06
4,May,1,Dinoflagellates,4.5636666778331865,0.004644191864028452
4,May,1,Dinoflagellates,8.222121995414655,0.005155492381930235
4,May,1,Dinoflagellates,14.813371545263529,0.005723084333790964
4,May,1,Dinoflagellates,26.688484634550434,0.016677058396404564
4,May,1,Dinoflagellates,48.08326112068522,0.004407883983187828
4,May,1,Dinoflagellates,86.62912232217654,0.004893168275792395
4,May,1,Dinoflagellates,156.0752049548939,0.0016295639268099676
4,May,1,Dinoflagellates,281.19261685600935,0.00045224253521955883
4,May,1,Dinoflagellates,506.6101806317129,0.00012550800081969718
4,May,2,Coccolithophores,13.66059690531211,0.005949125761627328
4,May,2,Coccolithophores,19.478565962239824,0.020861034925810765
4,May,2,Coccolithophores,27.77437432457928,0.013167127946247064
4,May,2,Coccolithophores,39.60331939308453,0.013338426333731352
4,May,2,Coccolithophores,56.470143615896696,0.005037000318696265
4,May,2,Coccolithophores,80.52045052962997,0.0050464576659747795
4,May,2,Coccolithophores,114.81364378307389,0.0031852376451848826
4,May,2,Coccolithophores,163.712109309371,0.0014892351453677163
4,May,2,Coccolithophores,233.4361479299605,0.0005222109537614271
5,June,0,Diatoms,13.01479625130092,0.0007071968596041815
5,June,0,Diatoms,35.144855130885006,0.000261888205344169
5,June,0,Diatoms,94.90435488357579,0.00029094628108265465
5,June,0,Diatoms,256.27752745956155,0.000179571403090749
5,June,0,Diatoms,692.0459146617372,0.00026599457759409183
5,June,0,Diatoms,1868.7848003979639,0.00010342789803422708
5,June,0,Diatoms,5046.423302571585,5.289224705860949e-05
5,June,0,Diatoms,13627.244904450406,1.3508266860753949e-05
5,June,0,Diatoms,36798.69732514085,1.2505908777129607e-06
5,June,1,Dinoflagellates,1.024508529400374,0.01346515335476068
5,June,1,Dinoflagellates,2.325567287480308,0.011863913408055444
5,June,1,Dinoflagellates,5.278885488404742,0.013066360780071793
5,June,1,Dinoflagellates,11.982724451668288,0.009210035341981514
5,June,1,Dinoflagellates,27.200000000000014,0.013693729428830214
5,June,1,Dinoflagellates,61.74221922435984,0.006032653914021086
5,June,1,Dinoflagellates,140.1507953951804,0.0011811704177123016
5,June,1,Dinoflagellates,318.1331299175598,8.672573312443892e-05
5,June,1,Dinoflagellates,722.1413768346222,3.820627069481882e-05
5,June,2,Coccolithophores,8.975265331124545,0.018019877616955705
5,June,2,Coccolithophores,20.56044462046806,0.013110383054456845
5,June,2,Coccolithophores,47.09965303481099,0.009156935556873216
5,June,2,Coccolithophores,107.8953960845366,0.0023733870841572374
5,June,2,Coccolithophores,247.1656529536417,0.00010905856114030558
5,June,2,Coccolithophores,566.2045111928135,0.0
5,June,2,Coccolithophores,1297.0554147150135,0.0
5,June,2,Coccolithophores,2971.2810752732285,4.536011537035343e-06
5,June,2,Coccolithophores,6806.5798331497,1.980108302201077e-06
6,July,0,Diatoms,5.542540399785689,0.0
6,July,0,Diatoms,15.73022034884476,0.0
6,July,0,Diatoms,44.64375798375368,0.0
6,July,0,Diatoms,126.70293757571827,6.824235326764107e-05
6,July,0,Diatoms,359.59415415159384,0.00031258735672266857
6,July,0,Diatoms,1020.5600452059379,0.00020333557050461123
6,July,0,Diatoms,2896.4397608968443,8.955656605901004e-05
6,July,0,Diatoms,8220.352470109965,2.6296033708802704e-05
6,July,0,Diatoms,23330.088077481567,4.818009506259195e-06
6,July,1,Dinoflagellates,1.7428295219345602,0.054636270828688535
6,July,1,Dinoflagellates,3.052060749197937,0.031199151522024605
6,July,1,Dinoflagellates,5.344799763579191,0.017815766722921046
6,July,1,Dinoflagellates,9.35986759774142,0.025433507679004947
6,July,1,Dinoflagellates,16.391095143400264,0.017428067789660273
6,July,1,Dinoflagellates,28.704252191006486,0.017416024356211784
6,July,1,Dinoflagellates,50.2671777960273,0.003315045570517544
6,July,1,Dinoflagellates,88.02839198748067,0.0021634316751393736
6,July,1,Dinoflagellates,154.15621357031839,0.0006176961898795923
6,July,2,Coccolithophores,4.555610939730121,0.0037651842886646135
6,July,2,Coccolithophores,8.734701855492398,0.0353473845298551
6,July,2,Coccolithophores,16.74748294218077,0.006145179473748532
6,July,2,Coccolithophores,32.11079090493177,0.011217631185503665
6,July,2,Coccolithophores,61.56763354230854,0.004457592731415499
6,July,2,Coccolithophores,118.04671866297186,0.0010171312215088773
6,July,2,Coccolithophores,226.33690764675637,0.0009851919153637944
6,July,2,Coccolithophores,433.9671304998783,0.0001976268884210493
6,July,2,Coccolithophores,832.0669939001762,2.0614583755017093e-05
7,August,0,Diatoms,21.46490796236783,0.0015404781438557295
7,August,0,Diatoms,51.683788197124834,0.0008530391631971984
7,August,0,Diatoms,124.44562851554821,0.00044284696819451013
7,August,0,Diatoms,299.64356323036236,0.0002207037002191936
7,August,0,Diatoms,721.4899073306566,0.0001222145867505006
7,August,0,Diatoms,1737.2229884337894,0.00012054837214815649
7,August,0,Diatoms,4182.932679832637,4.216017689895086e-05
7,August,0,Diatoms,10071.77887957054,2.7358806201035575e-05
7,August,0,Diatoms,24251.102650550423,6.3629698098439124e-06
7,August,1,Dinoflagellates,0.920700450342203,0.03203189061947263
7,August,1,Dinoflagellates,1.7917078466328424,0.06584059153189414
7,August,1,Dinoflagellates,3.4867116731533407,0.050750011271202065
7,August,1,Dinoflagellates,6.785234721470203,0.017385854626570954
7,August,1,Dinoflagellates,13.20424931603459,0.020101558120810815
7,August,1,Dinoflagellates,25.69582441242679,0.017215896041302775
7,August,1,Dinoflagellates,50.004765619842,0.004718234472749254
7,August,1,Dinoflagellates,97.31061921041432,0.0003030684251930482
7,August,1,Dinoflagellates,189.36908300109693,0.00031147403421169674
7,August,2,Coccolithophores,5.040801812327374,0.026395928249486965
7,August,2,Coccolithophores,11.833332625276377,0.005111010918807743
7,August,2,Coccolithophores,27.778866583881516,0.008708820724710884
7,August,2,Coccolithophores,65.21116688943461,0.005193736790430502
7,August,2,Coccolithophores,153.08386590362807,0.0009481907224644468
7,August,2,Coccolithophores,359.3659049183005,0.00033659449283270884
7,August,2,Coccolithophores,843.6150528041268,8.603017509368307e-05
7,August,2,Coccolithophores,1980.3947663858273,6.107902654585032e-06
7,August,2,Coccolithophores,4648.996503431275,2.601864389832639e-06
8,September,0,Diatoms,25.278901388872573,0.0018121931691699484
8,September,0,Diatoms,59.47852261202484,0.0009627477787203412
8,September,0,Diatoms,139.94653476778046,0.0004910116477380162
8,September,0,Diatoms,329.2790697116284,0.00034780719938527126
8,September,0,Diatoms,774.7580597838269,0.00017738538570538092
8,September,0,Diatoms,1822.9219723126605,0.00015078073483173234
8,September,0,Diatoms,4289.138364133281,5.073249695545555e-05
8,September,0,Diatoms,10091.878964704583,1.5887614589352933e-05
8,September,0,Diatoms,23745.100388904622,2.4115634210184968e-06
8,September,1,Dinoflagellates,1.680599685376712,0.07469055783662162
8,September,1,Dinoflagellates,2.7242375279700486,0.10751320164320156
8,September,1,Dinoflagellates,4.415965427922124,0.00947508384064362
8,September,1,Dinoflagellates,7.158241695295314,0.06429764304255112
8,September,1,Dinoflagellates,11.603447763488226,0.03605966392041346
8,September,1,Dinoflagellates,18.80908828329879,0.020020895129557417
8,September,1,Dinoflagellates,30.489369130625892,0.0027446709367900165
8,September,1,Dinoflagellates,49.423003177085775,0.004233012967365071
8,September,1,Dinoflagellates,80.11425991063422,0.0005222745952296043
8,September,2,Coccolithophores,1.0338223686967865,0.010745807400869029
8,September,2,Coccolithophores,2.536587821741443,0.004379606322125697
8,September,2,Coccolithophores,6.223774965826969,0.005354912149807988
8,September,2,Coccolithophores,15.270661828953163,0.011639842395999085
8,September,2,Coccolithophores,37.46811444415105,0.006226477652698151
8,September,2,Coccolithophores,91.9318111896292,0.002537689340135196
8,September,2,Coccolithophores,225.5640037932292,0.0008865182641303521
8,September,2,Coccolithophores,553.4441141628632,0.00022080245058315678
8,September,2,Coccolithophores,1357.9311519150765,4.090507845356741e-05
9,October,0,Diatoms,26.999652582200966,0.0014578374284310105
9,October,0,Diatoms,57.69533998136871,0.0009096310401424034
9,October,0,Diatoms,123.28870697247949,0.00010641986887399373
9,October,0,Diatoms,263.4546442027104,0.00034860868171647026
9,October,0,Diatoms,562.9741057100231,0.00044280365657147587
9,October,0,Diatoms,1203.014828830031,0.00034899966890457584
9,October,0,Diatoms,2570.7126912341437,8.166057964793699e-05
9,October,0,Diatoms,5493.335229541038,3.3437819601357904e-05
9,October,0,Diatoms,11738.663774841945,2.235410823806847e-06
9,October,1,Dinoflagellates,0.9075740286852316,0.042515843604829705
9,October,1,Dinoflagellates,1.7161621032015184,0.11242025270049794
9,October,1,Dinoflagellates,3.2451483530568597,0.10701405340786711
9,October,1,Dinoflagellates,6.136359621099885,0.03772882736276494
9,October,1,Dinoflagellates,11.603447763488228,0.033254146741456686
9,October,1,Dinoflagellates,21.941347690418937,0.010551660547333445
9,October,1,Dinoflagellates,41.48962862458105,0.0018600443890464534
9,October,1,Dinoflagellates,78.45412723473362,0.0
9,October,1,Dinoflagellates,148.35153468973533,0.0002601002783293509
9,October,2,Coccolithophores,9.501192759083754,0.0029005775164993104
9,October,2,Coccolithophores,19.74983893078074,0.004186203167556914
9,October,2,Coccolithophores,41.05338642023273,0.005706010204030555
9,October,2,Coccolithophores,85.33641932351307,0.002745030125248218
9,October,2,Coccolithophores,177.38620605898296,0.0017866545948293654
9,October,2,Coccolithophores,368.72728372527416,0.0005979258343672254
9,October,2,Coccolithophores,766.4621324513283,0.00016180219763699147
9,October,2,Coccolithophores,1593.2214034900023,2.5946437233917056e-05
9,October,2,Coccolithophores,3311.780625639512,1.6642978030347445e-05
10,November,0,Diatoms,4.979542779496128,0.00527356133449671
10,November,0,Diatoms,11.338106278142101,0.003474115115155645
10,November,0,Diatoms,25.816156154692855,0.0035601634255018008
10,November,0,Diatoms,58.78176674779736,0.0026804152768756693
10,November,0,Diatoms,133.84239238746446,0.0010791019264039536
10,November,0,Diatoms,304.75072443567285,0.000646264032203295
10,November,0,Diatoms,693.8982663669557,0.0004352066343002844
10,November,0,Diatoms,1579.962787483714,0.00012465447512491047
10,November,0,Diatoms,3597.4760722534984,7.299541049893221e-06
10,November,1,Dinoflagellates,0.4297356040327478,0.08342967266345928
10,November,1,Dinoflagellates,0.6865089075798098,0.5222466945502534
10,November,1,Dinoflagellates,1.0967080124701722,0.4576767974344101
10,November,1,Dinoflagellates,1.7520070771644696,0.02046378764309091
10,November,1,Dinoflagellates,2.7988569095257447,0.29462460729880874
10,November,1,Dinoflagellates,4.471214815340967,0.0
10,November,1,Dinoflagellates,7.142831009646749,0.01505818941867668
10,November,1,Dinoflagellates,11.410776922933529,0.01571001738901269
10,November,1,Dinoflagellates,18.22888289098579,0.003933614691662245
10,November,2,Coccolithophores,5.002116764686287,0.00561285115735873
10,November,2,Coccolithophores,10.82688793869785,0.0012965931221825154
10,November,2,Coccolithophores,23.434379474041055,0.005391336095054771
10,November,2,Coccolithophores,50.722806446577614,0.012454221756900913
10,November,2,Coccolithophores,109.78754938516488,0.002685180959098086
10,November,2,Coccolithophores,237.63089711321135,0.0005907509758408434
10,November,2,Coccolithophores,514.3428701985396,2.7293210909169755e-05
10,November,2,Coccolithophores,1113.2752152092257,0.0
10,November,2,Coccolithophores,2409.6410713747,5.825792315179857e-06
11,December,0,Diatoms,2.8605597194509786,0.021605898559490973
11,December,0,Diatoms,5.970664608670476,0.018115016091529552
11,December,0,Diatoms,12.462188999875933,0.02355714351881405
11,December,0,Diatoms,26.01153554046501,0.00712817930633236
11,December,0,Diatoms,54.292225962839304,0.003415127784452601
11,December,0,Diatoms,113.32071478111996,0.0009544476106782537
11,December,0,Diatoms,236.52713018791044,0.0005879290333993626
11,December,0,Diatoms,493.6880553832299,0.00037557094473663434
11,December,0,Diatoms,1030.4437204917838,5.997897982465955e-05
11,December,1,Dinoflagellates,0.4130420790433461,0.5365001103657515
11,December,1,Dinoflagellates,0.6510151544695473,0.5105805590033013
11,December,1,Dinoflagellates,1.0260957729309974,0.14397429352328545
11,December,1,Dinoflagellates,1.6172780740945283,0.5252378326755367
11,December,1,Dinoflagellates,2.549068457299647,0.10142135404439885
11,December,1,Dinoflagellates,4.017707346733135,0.0459625979587254
11,December,1,Dinoflagellates,6.332498555607011,0.02332908767332656
11,December,1,Dinoflagellates,9.980950451598053,0.0
11,December,1,Dinoflagellates,15.731448028369298,0.0023477084520216857
11,December,2,Coccolithophores,2.7497464186215943,0.009103929452022565
11,December,2,Coccolithophores,4.335006026347473,0.0
11,December,2,Coccolithophores,6.834185552967895,0.0
11,December,2,Coccolithophores,10.774170067705313,0.0046469467715417895
11,December,2,Coccolithophores,16.985599783345894,0.005895228364117616
11,December,2,Coccolithophores,26.777988298587086,0.01589251033939172
11,December,2,Coccolithophores,42.215798468437555,0.017789665230280232
11,December,2,Coccolithophores,66.55367910597559,0.00827507885862873
11,December,2,Coccolithophores,104.92262051735887,0.002624490983060716
