gamma_theoretical,gamma_fit,s_theoretical,lambda_theoretical,n_samples,p0_gig,popt_gig,popt_lognorm,delta_bic,lambda_fit,min_data,max_data
3.0,3.346122623818627,1.0676356818606692,1.0,365160,"[3.158321528082986, 9498.716243184135, 0.49999999981636967]","[31.58239978894182, 4468.515393779749, 0.7519444850808471]","[7.088255180794327, 1.3083438981851903]",-20713.80809089262,0.4961110298383058,1.7966272,187838.62
3.73846786581814,4.185784174144442,0.9441728067093256,1.0,365160,"[5.032362551611229, 5961.414681935982, 0.49999999996668976]","[50.29615131588932, 3374.476271066671, 0.6580625727360299]","[6.629484567289555, 1.3002938687221905]",-10772.80809089262,0.6838748545279403,1.280349,81317.81
4.6587139945849465,5.157485728822119,0.8309903249248679,1.0,365160,"[8.095717788410738, 3705.66276938975, 0.49999999999924305]","[48.558709516549186, 2312.478706305403, 0.6133953584531078]","[6.210849166598615, 1.2747767485243455]",-7860.80809089262,0.7732092830937844,0.8340578,63184.645
5.805484188264362,6.351780040686276,0.7257776821433098,1.0,365160,"[13.225511388165827, 2268.3432889289984, 0.49999999998532657]","[47.91395114416104, 1544.766814152595, 0.5806926658035644]","[5.857107668781479, 1.2104157774874353]",-7146.80809089262,0.8386146683928712,1.6674175,32123.406
7.234538694447208,7.672706148762394,0.625662570659647,1.0,365160,"[22.177456722619723, 1352.72499345706, 0.4999999996509601]","[53.527844043588274, 1015.3910619469455, 0.548185095297046]","[5.576895492022825, 1.118026595848249]",-5765.30809089262,0.9036298094059081,2.3434567,19718.445
9.015363477736273,9.763077963129223,0.5265018956557519,1.0,365160,"[39.026949710738336, 768.6995838095295, 0.4999999977511178]","[72.46927013704936, 633.8271350131281, 0.4869528308376684]","[5.340938605318442, 0.9793432534891315]",-4318.80809089262,1.0260943383246632,5.110978,13876.567
11.234548886729174,11.547585178530241,0.4209425492472342,1.0,365160,"[76.08363102811184, 394.3029478826453, 0.49999999999833206]","[99.14168072932537, 358.54272547527125, 0.5030620690853902]","[5.242624266079941, 0.8319080051949104]",-1948.8080908926204,0.9938758618292196,6.0153294,4941.1646
14.0,14.261980691499952,0.2903560410140189,1.0,365160,"[199.27258259208773, 150.5475545595261, 0.4999999793513547]","[243.6391256635403, 160.71341192216875, 0.3129442730971772]","[5.158080250077143, 0.5856132509822438]",-458.8080908926204,1.3741114538056456,15.322553,2174.5159
3.0,3.370615655095298,1.0787342339246286,1.0495,365160,"[3.0936670941084774, 9697.229562007962, 0.47524999999999956]","[30.936670941084774, 4537.297011337032, 0.715702774669333]","[6.946346218266092, 1.357089199157212]",-17598.80809089262,0.5685944506613341,1.513104,161202.38
3.73846786581814,4.288739456479173,0.9538638863521184,1.0495,365160,"[4.930626266474644, 6084.419783341182, 0.4752499999999932]","[49.29846342324028, 3517.4612682812585, 0.6138312675687874]","[6.4843717026604315, 1.3449236124198691]",-9700.30809089262,0.7723374648624253,1.474968,111734.17
4.6587139945849465,5.260313772480878,0.8393526586162164,1.0495,365160,"[7.935208721309812, 3780.6188915277953, 0.4752499999998757]","[41.41747640260719, 2247.614630461146, 0.6007726562156819]","[6.08842705719852, 1.3028275534833744]",-8844.30809089262,0.7984546875686362,1.147768,77754.15
5.805484188264362,6.442803356415004,0.732859303864124,1.0495,365160,"[12.971149987225772, 2312.82500237408, 0.4752499999966051]","[40.406907918135204, 1516.1429485114631, 0.5756753943002781]","[5.756106196854114, 1.2396723588438547]",-7141.80809089262,0.8486492113994437,1.7000289,36516.812
7.234538694447208,7.8489616519463485,0.6314733129491996,1.0495,365160,"[21.771185954282878, 1377.968111750859, 0.47524999988667316]","[43.87568917123178, 972.1933371645649, 0.5544694701846504]","[5.478813469064624, 1.145068664763158]",-5969.30809089262,0.8910610596306991,2.2525277,23813.922
9.015363477736273,9.722137546416636,0.5310016512332533,1.0495,365160,"[38.36831650521293, 781.8951346464219, 0.47524999879358243]","[64.56184068558137, 655.409988960947, 0.486823837661405]","[5.2995461270128335, 1.0067357369723082]",-3505.8080908926204,1.02635232467719,3.654213,11062.98
11.234548886729174,11.745246841498727,0.4240229382782685,1.0495,365160,"[74.98220060715497, 400.0949526298289, 0.475249999999697]","[101.10623116550471, 372.7625974077605, 0.42310493116672276]","[5.160527716029847, 0.8339087358127687]",-1633.3080908926204,1.1537901376665545,6.5261,9199.349
14.0,14.623587789115211,0.2918158639005862,1.0495,365160,"[197.28382813890124, 152.06517575722404, 0.47525000059756795]","[238.93396288700995, 172.79077128804894, 0.2727324255424215]","[5.150546526887863, 0.5960286933831583]",-336.3080908926204,1.454535148915157,13.603516,3200.4744
3.0,3.46822194943686,1.0889063163622157,1.099,365160,"[3.0361377156562916, 9880.974715112749, 0.4504999999999996]","[30.36137715656291, 4534.307350604844, 0.6736747204802603]","[6.756288233123461, 1.4087140719193156]",-15274.30809089262,0.6526505590394793,1.1791095,172289.75
3.73846786581814,4.232059411814513,0.962885641236368,1.099,365160,"[4.838664129992728, 6200.058361985353, 0.45049999999999896]","[37.57637313483967, 3418.023423099165, 0.6054093997256539]","[6.3312394166244506, 1.395840303878148]",-10485.80809089262,0.7891812005486922,0.9737293,104069.26
4.6587139945849465,5.411137636276084,0.8472500569032073,1.099,365160,"[7.787966629845962, 3852.0966287953092, 0.45049999999998]","[31.350425638214045, 2131.6229734595963, 0.5945761355470665]","[5.924755609597691, 1.3449983636612513]",-9847.80809089262,0.8108477289058671,1.3489623,56605.15
5.805484188264362,6.4103342795488105,0.7396332343904943,1.099,365160,"[12.73464544428073, 2355.778190391106, 0.4504999999992218]","[31.57171420749433, 1456.0979523526253, 0.5703251009637598]","[5.611827947654877, 1.281395220299322]",-7199.30809089262,0.8593497980724805,1.0623212,51178.53
7.234538694447208,7.987726799486065,0.6370915024133946,1.099,365160,"[21.388900736484374, 1402.5966256801191, 0.45049999996321555]","[39.42540233915021, 973.5651269572031, 0.5305638488510891]","[5.365128592659533, 1.1685557171659524]",-6139.30809089262,0.9388723022978218,1.9960628,24858.713
9.015363477736273,9.597287190947835,0.5353870027091265,1.099,365160,"[37.74234146209945, 794.8632447757844, 0.4504999993625244]","[57.10740351325349, 616.6962091956514, 0.4960925347574175]","[5.227121673183163, 1.0182461959564955]",-3492.3080908926204,1.0078149304851651,2.8991451,10848.787
11.234548886729174,11.542363615473876,0.4270366353320441,1.099,365160,"[73.92760133338969, 405.8024264132371, 0.4504999999999549]","[95.66683809599773, 348.95802331474744, 0.46378223287158105]","[5.155277957813972, 0.8345757672738578]",-1236.3080908926204,1.072435534256838,7.2386165,6862.135
14.0,14.716737683873886,0.2932386435669756,1.099,365160,"[195.3740493648209, 153.55161085892814, 0.45050000004130775]","[243.17317882535693, 168.70680787882992, 0.2535586874169834]","[5.136870712570996, 0.5906779400147758]",-431.8080908926204,1.4928826251660332,14.708573,2884.4167
3.0,3.5229393010192034,1.0980894767441518,1.1485,365160,"[2.985568510857237, 10048.337491135379, 0.4257499999999998]","[29.84288722864575, 4765.537290484203, 0.6254786883928642]","[6.558899282612843, 1.4771348299435445]",-12613.80809089262,0.7490426232142715,1.214356,158755.23
3.73846786581814,4.377738242462809,0.9711828876962392,1.1485,365160,"[4.756339595665944, 6307.3713296957385, 0.425749999999999]","[31.033695678388057, 3344.3698656888478, 0.5795810850513663]","[6.131213411455625, 1.4366175256155378]",-12692.30809089262,0.8408378298972674,0.8789977,114709.15
4.6587139945849465,5.331992771538422,0.8546367110516819,1.1485,365160,"[7.653925086120379, 3919.5575684954074, 0.4257499999999962]","[27.472929561373974, 2185.2524657196527, 0.5628734304537207]","[5.761799444972631, 1.3866903442089078]",-9685.80809089262,0.8742531390925585,1.3201408,48725.42
5.805484188264362,6.489838345079201,0.7460636125289662,1.1485,365160,"[12.516069756172728, 2396.9185682433954, 0.4257499999998225]","[28.573858094617798, 1448.1942271324833, 0.5402681687247366]","[5.459890447826467, 1.3052751631453707]",-7399.80809089262,0.9194636625505268,1.4421905,74655.0
7.234538694447208,8.123142759467923,0.6424907412382387,1.1485,365160,"[21.03092345896419, 1426.4708850534494, 0.4257499999880116]","[36.7705403229259, 985.9597807653222, 0.5031442243561828]","[5.258212652417939, 1.186300001330018]",-5070.80809089262,0.9937115512876344,1.7434238,19680.113
9.015363477736273,9.475797772432992,0.539639947682916,1.1485,365160,"[37.14978495444481, 807.5416866285419, 0.42574999966607696]","[53.021807355365794, 633.2588571937399, 0.4780858482281848]","[5.162365457493153, 1.0361892345055526]",-3452.8080908926204,1.0438283035436304,3.2976918,13861.426
11.234548886729174,11.67421576781055,0.429972884871865,1.1485,365160,"[72.92135783855043, 411.4021034334096, 0.4257499999999899]","[89.43140823508993, 364.2202107483841, 0.4171153611424534]","[5.074153664797874, 0.8506406903847706]",-1575.8080908926204,1.1657692777150932,4.9037385,5099.057
14.0,14.790674931810747,0.2946201648268292,1.1485,365160,"[193.5460647166104, 155.00185986176425, 0.42575000005012115]","[226.6294667043885, 171.19261090624536, 0.26871025375114904]","[5.114092796623437, 0.6022122689960714]",-87.30809089262038,1.462579492497702,14.53965,2180.3816
3.0,3.497812665288043,1.106257954135417,1.198,365160,"[2.941641122299377, 10198.388842398987, 0.4009999997589238]","[28.14685492904394, 4811.317732994029, 0.5889694844576041]","[6.362420171372991, 1.5211595706695689]",-14366.30809089262,0.8220610310847918,0.728699,146933.1
3.73846786581814,4.4146230570121485,0.9787223078528612,1.198,365160,"[4.683342543334476, 6405.681353096245, 0.40099999999999925]","[22.628121049723713, 3162.843258725216, 0.5713804311138672]","[5.936864114207348, 1.4922878662969459]",-12275.80809089262,0.8572391377722657,0.7313834,94888.125
4.6587139945849465,5.347046119691307,0.861478708210812,1.198,365160,"[7.53283056506239, 3982.566678074688, 0.4009999999999988]","[21.99319064999901, 2109.4234615479345, 0.5547549729487351]","[5.611017108085464, 1.4262633034869967]",-9822.80809089262,0.8904900541025298,0.62594175,55210.414
5.805484188264362,6.756655582062022,0.7521201937979194,1.198,365160,"[12.315305624852808, 2435.993138445442, 0.40099999999995806]","[25.41521795063931, 1474.6894659902084, 0.5163891135920169]","[5.327536342696526, 1.3343760277099108]",-8092.30809089262,0.9672217728159662,0.74322814,43208.266
7.234538694447208,7.971118295484785,0.64764665407267,1.198,365160,"[20.69740212381062, 1449.457271040191, 0.40099999999605945]","[33.07518031818955, 945.8888472494673, 0.4979403491769853]","[5.16848599408967, 1.198052810692115]",-5803.80809089262,1.0041193016460292,1.6851997,22987.254
9.015363477736273,9.506599745078374,0.5437427692250083,1.198,365160,"[36.59127123592722, 819.8676620599184, 0.40099999982590195]","[50.68433074254719, 598.6648887298968, 0.460541530827856]","[5.073110128086087, 1.0333079633567888]",-3571.8080908926204,1.078916938344288,1.7469143,12458.778
11.234548886729174,11.880096198959277,0.4328206846377557,1.198,365160,"[71.96492367381805, 416.8697536035109, 0.4009999999999931]","[91.30639697709896, 390.9964698000972, 0.3710916395769046]","[5.048594371781911, 0.8567477710106658]",-1110.8080908926204,1.2578167208461908,5.7032094,6149.1987
14.0,14.395870186583291,0.2959561124889102,1.198,365160,"[191.80267227190058, 156.4107509277651, 0.4010000000008068]","[220.14980752889494, 168.2845334429018, 0.2673545988892989]","[5.089307814916026, 0.6032124009644612]",-623.8080908926204,1.4652908022214022,13.0646,2262.9036
3.0,3.7488019911693446,1.1134216462462103,1.2475,365160,"[2.9039101870548816, 10330.898019413511, 0.37624999994167124]","[18.494884357316014, 4406.438622085584, 0.5807123748197549]","[6.11147135150326, 1.587111039124905]",-15280.80809089262,0.8385752503604902,0.2788729,114559.31
3.73846786581814,4.546781415321626,0.9854930848316866,1.2475,365160,"[4.619210307612071, 6494.616612402885, 0.37624999943866805]","[16.930759456498976, 2992.330999025848, 0.5582363465394856]","[5.7197585160645925, 1.5462766830346304]",-12196.30809089262,0.8835273069210288,0.6699342,108044.984
4.6587139945849465,5.414680787053606,0.8677550934237422,1.2475,365160,"[7.4242562338994125, 4040.8088103181235, 0.376249999999999]","[17.817876262860022, 2051.9060952147042, 0.5392968048698651]","[5.433885002130319, 1.4689267560152022]",-9466.30809089262,0.9214063902602698,0.8256852,63018.78
5.805484188264362,6.395034386231028,0.7577792580174828,1.2475,365160,"[12.132052066345524, 2472.788596351346, 0.3762499999999903]","[21.871497275382094, 1356.3813321427956, 0.5116187376376411]","[5.194550587538735, 1.350596495049592]",-6904.30809089262,0.9767625247247178,1.0515249,50452.496
7.234538694447208,7.836159222941318,0.6525374642607263,1.2475,365160,"[20.388308105395854, 1471.4315599370586, 0.3762499999986895]","[30.4427515133062, 945.3154047087655, 0.4775846018118591]","[5.0644216020847725, 1.214856009307037]",-4504.30809089262,1.044830796376282,1.9926326,24289.059
9.015363477736273,9.74058049418724,0.5476783166472234,1.2475,365160,"[36.0672801561993, 831.7788275155965, 0.3762499999093711]","[48.073461640034424, 647.7169501803982, 0.42261437304699745]","[4.994750868174561, 1.0543825434249652]",-3507.3080908926204,1.154771253906005,2.9200912,13539.425
11.234548886729174,12.142610281636626,0.435568887192684,1.2475,365160,"[71.05966956051354, 422.18040395547246, 0.37624999999999637]","[81.52979810735616, 385.4305492088799, 0.3887475499381239]","[5.003985936928057, 0.8728229387466042]",-1724.8080908926204,1.2225049001237522,5.3128133,6848.272
14.0,14.1790155472129,0.2972420891842453,1.2475,365160,"[190.14664697174933, 157.77296354038359, 0.3762499999971837]","[206.16871255582657, 151.85500152410054, 0.3382608319033451]","[5.058446063883122, 0.600418576883043]",-31.308090892620385,1.3234783361933098,15.89271,2995.714
3.0,3.735184229879578,1.119621493209069,1.297,365160,"[2.8718387212899597, 10446.269067130876, 0.3514999999860809]","[11.93860778438951, 4038.7609042861654, 0.5690512835080941]","[5.822239398956299, 1.665295196533203]",-16231.80809089262,0.8618974329838118,0.44871813,118376.195
3.73846786581814,4.515159831816088,0.9915055342527592,1.297,365160,"[4.56335875477282, 6574.105086220315, 0.351499999828931]","[12.656066189856462, 2775.924536631801, 0.5422177777472948]","[5.465271655201735, 1.5950874740465637]",-12594.30809089262,0.9155644445054103,0.5484336,118103.43
4.6587139945849465,5.449600873549515,0.8734579474462214,1.297,365160,"[7.32762598083076, 4094.0954244226837, 0.35149999999999915]","[15.294924384972465, 1931.06096442969, 0.5152254744994786]","[5.218176073674841, 1.492462593066168]",-9632.80809089262,0.9695490510010427,0.41969383,55959.254
5.805484188264362,7.071726502827762,0.7630241145553254,1.297,365160,"[11.96583928428957, 2507.1371332379667, 0.35149999999999587]","[18.231537267851827, 1304.7897521669147, 0.49134795485888394]","[5.002083545178836, 1.3817879951106358]",-6052.80809089262,1.0173040902822321,0.96442485,22138.32
7.234538694447208,8.039000131680183,0.6571444486783826,1.297,365160,"[20.103441149860814, 1492.2818325661476, 0.3514999999995538]","[28.36168845416393, 970.4713706594937, 0.4538942969176889]","[4.965472039654594, 1.2341257339898233]",-3663.8080908926204,1.0922114061646222,1.119815,22797.68
9.015363477736273,10.144304032871887,0.5514302710901269,1.297,365160,"[35.57814334906248, 843.2143213788734, 0.3514999999527534]","[43.35284268963336, 620.288423131659, 0.4315874380585666]","[4.9391350746154785, 1.0693909654617308]",-2298.8080908926204,1.1368251238828668,2.1418183,8429.835
11.234548886729174,12.1264449271372,0.4382063099880863,1.297,365160,"[70.20687308265136, 427.30859077974264, 0.3514999999999893]","[79.8992427974251, 375.9927334744924, 0.3574056978326534]","[4.934547318423352, 0.8698703788054953]",-1237.3080908926204,1.2851886043346932,4.8073,5028.476
14.0,14.331573366334489,0.2984736459310304,1.297,365160,"[188.58072474119504, 159.08306663457512, 0.3514999999992259]","[204.02505260962528, 153.6751854310151, 0.3331576572258492]","[5.054092525663682, 0.60271236489597]",-310.8080908926204,1.3336846855483016,13.754124,2700.8718
3.0,3.869508011381118,1.1249224437656349,1.3465,365160,"[2.8448366706033736, 10545.420870730399, 0.32674999999668686]","[9.970216254938354, 3941.268097305292, 0.5436045196998334]","[5.57260181889606, 1.7139228975132874]",-15137.80809089262,0.9127909606003333,0.25756437,136293.81
3.73846786581814,4.745689841780015,0.9967880914172914,1.3465,365160,"[4.515119159361591, 6644.3429156899165, 0.32674999994769754]","[10.59097675415875, 2685.849085962006, 0.519060621724992]","[5.238077561559338, 1.6343558128727118]",-12051.80809089262,0.961878756550016,0.43542078,76932.21
4.6587139945849465,5.738735983431551,0.878591532646178,1.3465,365160,"[7.242245930176389, 4142.361401315922, 0.3267499999999994]","[12.130128727380132, 1838.235671403221, 0.4961710340944463]","[4.987913451669312, 1.5310153188301263]",-9359.80809089262,1.0076579318111074,0.52331185,43959.742
5.805484188264362,6.491998256410363,0.7678451717073796,1.3465,365160,"[11.81605155406326, 2538.919186560566, 0.32674999999999804]","[16.985712436445738, 1320.5675057473713, 0.4693816411830195]","[4.8835248947143555, 1.3951555023193358]",-7221.30809089262,1.061236717633961,0.8627781,44897.74
7.234538694447208,8.263083327799576,0.6614522388795357,1.3465,365160,"[19.84244148733108, 1511.9107202182895, 0.3267499999998439]","[24.99741389480837, 931.5646281258239, 0.44528381400088224]","[4.850091074520817, 1.2484398333968874]",-4608.30809089262,1.1094323719982355,1.2001587,24550.568
9.015363477736273,9.780613724876977,0.5549833819465992,1.3465,365160,"[35.12404533107166, 854.1157408614663, 0.3267499999752503]","[42.28794224769884, 607.1040751580655, 0.39897696102576663]","[4.840153957747262, 1.0641772545663566]",-2542.3080908926204,1.2020460779484667,1.9797455,11287.697
11.234548886729174,11.8982858307277,0.44072185121545,1.3465,365160,"[69.40771024099878, 432.228637075527, 0.32674999999999205]","[76.63473308340755, 359.7052006936535, 0.3576835728081036]","[4.89232307392516, 0.8700995949756481]",-1196.3080908926204,1.2846328543837928,3.970297,4284.4746
14.0,14.466133162492218,0.2996463165398565,1.3465,365160,"[187.10758565920887, 160.33556252839975, 0.3267499999998776]","[191.5562662436481, 149.69651543287296, 0.33369587691669833]","[5.007372488907499, 0.6074015003834846]",-275.8080908926204,1.3326082461666033,10.300753,2185.6777
3.0,3.9541350473056034,1.1294054103384352,1.396,365160,"[2.8222973828844595, 10629.638174181076, 0.30199999999920407]","[7.06616460445729, 3551.8920485447193, 0.5222921173084241]","[5.219597886258408, 1.7763721252408224]",-13668.80809089262,0.9554157653831519,0.23937263,95367.59
3.73846786581814,4.66263387543131,1.0013832549416737,1.396,365160,"[4.473776132996493, 6705.744567488288, 0.3019999999838089]","[8.612047676589285, 2582.698186623349, 0.4847262420279585]","[4.9116711697501465, 1.6761306081456686]",-9268.30809089262,1.030547515944083,0.35123128,101579.27
4.6587139945849465,5.7341867000714695,0.8831706822336748,1.396,365160,"[7.167340016970841, 4185.653244992694, 0.3019999996503535]","[10.995833402692865, 1795.6690362837928, 0.47265720127918553]","[4.806339830687785, 1.5501775280577879]",-6372.80809089262,1.054685597441629,0.5127234,32293.361
5.805484188264362,6.739151311769848,0.7722395873634872,1.396,365160,"[11.681956113571914, 2568.063063098351, 0.3019999999999992]","[15.998908591677274, 1249.8200788926843, 0.4405574817889994]","[4.709762543400291, 1.3937529513444558]",-5042.80809089262,1.118885036422001,0.6242752,29086.195
7.234538694447208,7.829523764907177,0.6654489501644834,1.396,365160,"[19.60480836200216, 1530.2368401695621, 0.3019999999999426]","[24.34066993754467, 907.6359579412342, 0.41451162185922585]","[4.723214914358119, 1.245922745345908]",-2718.8080908926204,1.1709767562815483,1.2170185,21813.87
9.015363477736273,10.19714841902791,0.5583236617448004,1.396,365160,"[34.70502966028689, 864.428017888402, 0.3019999999869307]","[37.64341800799119, 627.6680271900802, 0.40443875120185857]","[4.798697356205006, 1.092638743341804]",-2523.3080908926204,1.1911224975962829,1.7236048,15300.915
11.234548886729174,11.661785656131013,0.4431046083502915,1.396,365160,"[68.6632492236108, 436.91494852364315, 0.3019999999999995]","[76.49072167002873, 361.2925890089518, 0.33798769984323834]","[4.862210190703081, 0.8703733243988061]",-953.3080908926204,1.3240246003135234,3.7383919,6037.794
14.0,14.64524120010173,0.3007556555464096,1.396,365160,"[185.72983640901242, 161.5249363270546, 0.301999999999966]","[201.6809585880837, 168.67535428602508, 0.23123183893152355]","[5.01210416237847, 0.6135975497404305]",-265.8080908926204,1.537536322136953,9.791652,2235.0874
3.0,3.990965614011186,1.1331594886169112,1.4455,365160,"[2.8036282106249284, 10700.420222021165, 0.27724999999980443]","[5.611350470785215, 3418.4736543289873, 0.4919413176177398]","[4.872938918114372, 1.8242037772270578]",-12491.80809089262,1.0161173647645203,0.29409763,89153.94
3.73846786581814,4.9353620000044245,1.0053431175784349,1.4455,365160,"[4.438602768775888, 6758.883721481035, 0.2772499999948768]","[6.739665857037, 2342.1508373745332, 0.4708477637512406]","[4.647388803164336, 1.7082945303171297]",-8458.80809089262,1.0583044724975188,0.28563982,99800.49
4.6587139945849465,5.595412952592482,0.8872186866508133,1.4455,365160,"[7.102086125277716, 4224.110982437134, 0.2772499998607469]","[9.41303892014767, 1692.2054164278102, 0.447975194420114]","[4.564905400692647, 1.5678211857157698]",-4985.30809089262,1.104049611159772,0.4239123,53077.19
5.805484188264362,6.671571151089172,0.7762105622981719,1.4455,365160,"[11.562735638452219, 2594.5417190231447, 0.2772499999999993]","[13.664166513173924, 1229.3703253411004, 0.4222784975331051]","[4.532983436810447, 1.4160135682486885]",-5018.80809089262,1.1554430049337898,0.9168804,38562.082
7.234538694447208,8.102253333601134,0.6691261359566975,1.4455,365160,"[19.389923807348005, 1547.1953524970118, 0.2772499999999797]","[21.906902984490387, 901.7923965376026, 0.3948643264492461]","[4.59248601584264, 1.2578088960620168]",-3266.3080908926204,1.2102713471015079,1.1548827,21953.492
9.015363477736273,9.793068407850388,0.5614385299373224,1.4455,365160,"[34.32100999385435, 874.1001504726088, 0.27724999999301475]","[36.35152370455028, 579.3592596600269, 0.38351975768721536]","[4.69478970532389, 1.0813238008264232]",-2754.3080908926204,1.2329604846255693,1.8034399,19049.617
11.234548886729174,11.732299992955637,0.4453439961229474,1.4455,365160,"[67.97444665267552, 441.34232019995676, 0.27724999999999317]","[70.35169529939559, 358.3689377778525, 0.3681325087756221]","[4.856030232511109, 0.883318791089949]",-1560.8080908926204,1.2637349824487558,4.3366923,5312.2065
14.0,14.227555731738263,0.3017972853440832,1.4455,365160,"[184.44998478503763, 162.64571685903204, 0.2772500259309218]","[189.1494136354999, 154.621971461682, 0.28800491442193615]","[4.981360600768182, 0.6123629865427529]",-340.8080908926204,1.4239901711561278,12.494392,2002.1361
3.0,4.306433356266158,1.1362753254753997,1.495,365160,"[2.788273356578808, 10759.346794035211, 0.25249999999995015]","[4.443653369547429, 3088.4254227151296, 0.4635654595474272]","[4.486866536480476, 1.8539605501620975]",-8849.30809089262,1.0728690809051455,0.2127849,93401.88
3.73846786581814,4.899311910746813,1.0087250508629235,1.495,365160,"[4.408890222661321, 6804.433425400919, 0.2524999999983265]","[6.106518412828639, 2455.618423589198, 0.43431764721064736]","[4.380540449767949, 1.7274846148605687]",-5510.80809089262,1.1313647055787053,0.32667938,85803.01
4.6587139945849465,5.679883676207375,0.8907649434173707,1.495,365160,"[7.045649941816559, 4257.94642761732, 0.25249999994300926]","[8.477334287313418, 1706.8185444101166, 0.4101482941306237]","[4.306881753398544, 1.5749510187907363]",-3599.3080908926204,1.1797034117387526,0.47391725,43293.715
5.805484188264362,7.175071550689816,0.7797663677225516,1.495,365160,"[11.457521830561024, 2618.367256345086, 0.2524999999999984]","[12.717298019284335, 1208.2889755904498, 0.4009175703281202]","[4.3918867111206055, 1.4251611957550048]",-1905.3080908926204,1.1981648593437595,0.60390854,33501.99
7.234538694447208,8.197823997088605,0.6724785800955332,1.495,365160,"[19.197080168647904, 1562.7376526246474, 0.25249999999999134]","[19.5060981417042, 889.307476505792, 0.38022447083049815]","[4.46956735126491, 1.2752758095012915]",-1505.8080908926204,1.2395510583390037,0.85397667,16047.373
9.015363477736273,9.890169837463997,0.5643168997956257,1.495,365160,"[33.971785581392595, 883.0857573889766, 0.2524999999962103]","[33.61552201704288, 547.1470236074227, 0.3721222011544277]","[4.597457803823481, 1.083404703441795]",-1629.8080908926204,1.2557555976911448,1.7861192,11757.244
11.234548886729174,11.623125756860945,0.4474298610737942,1.495,365160,"[67.34214633254737, 445.4862464860373, 0.2525000033127747]","[68.09702743592126, 348.4642419985166, 0.3242863433704991]","[4.756616516451523, 0.882276682396841]",-365.8080908926204,1.3514273132590018,3.305216,4781.0327
14.0,14.617767872589408,0.3027669111179309,1.495,365160,"[183.27045644935419, 163.69250440695188, 0.25250000662882915]","[192.37140297720023, 159.56085749839644, 0.2077927047330331]","[4.943992699046865, 0.6116808154020246]",-295.3080908926204,1.5844145905339337,13.82644,2135.8167
3.0,4.062857719283336,1.138840067500272,1.5445,365160,"[2.7757287516389804, 10807.972494533531, 0.22774999999998638]","[3.918536456825697, 2952.17674622559, 0.4253742257833352]","[4.110649086758003, 1.854956842967159]",-3851.8080908926204,1.1492515484333294,0.23336336,137036.58
3.73846786581814,4.866880299137897,1.011587936427563,1.5445,365160,"[4.383970417256645, 6843.111869986814, 0.22774999999943052]","[5.3217113902930615, 2160.9719819314464, 0.4029193384476852]","[4.04640531539917, 1.7158284912109374]",-843.3080908926204,1.1941613231046295,0.27059665,65799.414
4.6587139945849465,5.9591048790248236,0.8938426225376742,1.5445,365160,"[6.9972143054700275, 4287.420491973168, 0.2277499999758773]","[7.5314586956917005, 1681.2963743361356, 0.38595936779893103]","[4.095971620322533, 1.5854823907581013]",332.6919091073796,1.228081264402138,0.4236218,32260.379
5.805484188264362,6.96499826734932,0.7829192118229225,1.5445,365160,"[11.36542792437832, 2639.583850217498, 0.2277499999999999]","[11.928149052080624, 1211.0176733050948, 0.3588116559658943]","[4.179161376858291, 1.4190848630763608]",-1428.8080908926204,1.2823766880682115,0.6197067,20577.23
7.234538694447208,8.416536328962403,0.6755039521855318,1.5445,365160,"[19.02550973439597, 1576.83028832407, 0.2277499999999956]","[18.931645872429478, 824.5095143538424, 0.3546475832037085]","[4.337963546738387, 1.258703996298276]",-60.308090892620385,1.290704833592583,0.6933531,16054.634
9.015363477736273,9.51867781170773,0.566949206867317,1.5445,365160,"[33.6570604697471, 891.3434382353659, 0.22774999999790252]","[33.232633632058736, 586.4871909198232, 0.3367222922086447]","[4.5301065552842905, 1.0904657079260534]",-1182.8080908926204,1.3265554155827106,1.4029998,13769.032
11.234548886729174,11.901880922781395,0.4493525874092557,1.5445,365160,"[66.76708120114216, 449.3232212686092, 0.22775000174290846]","[67.0251109130212, 356.4333077285304, 0.3084895326099356]","[4.731117111769469, 0.8850620928172137]",-1173.8080908926204,1.3830209347801288,3.7218735,6085.4375
14.0,14.366389455184766,0.3036604190910934,1.5445,365160,"[182.19351204203676, 164.66008950460443, 0.22775000144474195]","[191.96355173622703, 157.44313340006278, 0.23664646162104458]","[4.958801492161742, 0.6117027526470729]",-452.3080908926204,1.5267070767579107,12.387311,2151.7424
3.0,3.819322335607446,1.1409339415824986,1.594,365160,"[2.765549909405585, 10847.75215879147, 0.20299999999999596]","[3.3582702324562157, 2975.98241246372, 0.3903566128306618]","[3.745868133132406, 1.857150829737631]",1947.6919091073796,1.2192867743386764,0.23029387,102616.08
3.73846786581814,4.816708307899085,1.0139891516880113,1.594,365160,"[4.363231748820689, 6875.6375381868065, 0.20299999999979612]","[4.7976084455553245, 2149.3170533918906, 0.3713187360197364]","[3.775259017944336, 1.7044175395965575]",1695.6919091073796,1.2573625279605272,0.1800294,70907.08
4.6587139945849465,5.774237494175901,0.8964865243824051,1.594,365160,"[6.95600304918889, 4312.821571217995, 0.20299999998937976]","[7.027599440206356, 1537.5138618015944, 0.3609275660202782]","[3.88956474297041, 1.5599778853494592]",652.1919091073796,1.2781448679594436,0.29529282,34340.555
5.805484188264362,7.154187937715291,0.785684046327244,1.594,365160,"[11.28557842893494, 2658.2598480803968, 0.2029999994706535]","[10.924011504186653, 1141.6579428068508, 0.33785479147451514]","[4.005719223151711, 1.411165629476224]",2300.6919091073796,1.3242904170509697,0.50512415,36014.11
7.234538694447208,8.224834151366894,0.6782023595628147,1.594,365160,"[18.874414878845805, 1589.453246236714, 0.20299999999999813]","[17.600000648431337, 769.5804812862356, 0.3497512814660661]","[4.2500753160134455, 1.2568213628364762]",-617.8080908926204,1.3004974370678677,1.0453169,12875.239
9.015363477736273,9.92685804692743,0.5693273817385847,1.594,365160,"[33.376465497943364, 898.8369365188945, 0.20299999999881446]","[31.279598013198306, 574.7505401628677, 0.3133820127164031]","[4.425575570660916, 1.0921299393356516]",-145.80809089262038,1.3732359745671938,1.7889366,9490.686
11.234548886729174,12.048200890014432,0.4511031976221999,1.594,365160,"[66.24987654000721, 452.83103255118505, 0.20300000085092318]","[63.92157348283125, 364.329614916659, 0.30423390929267824]","[4.70321682940239, 0.897041578252191]",-133.80809089262038,1.3915321814146435,3.6714177,5745.9707
14.0,14.287673128861426,0.3044738772902149,1.594,365160,"[181.2212852842839, 165.5434677716729, 0.20300000025757825]","[189.24739121517615, 157.7999373628688, 0.2164630598297995]","[4.936126094651782, 0.6127042240631033]",-168.80809089262038,1.567073880340401,12.805976,2178.7063
3.0,4.3742540867070865,1.1426282702800814,1.6435,365160,"[2.7573542842816074, 10879.994700360423, 0.17824999999999858]","[3.078087302805157, 3029.559851223751, 0.34582483023977206]","[3.3633665600259577, 1.8163089060352273]",9897.69190910738,1.3083503395204559,0.12922108,116859.586
3.73846786581814,4.972207372483389,1.0159823566810364,1.6435,365160,"[4.346128529799692, 6902.695075468157, 0.17824999999992264]","[4.410046098393314, 1985.5907344511247, 0.3343080857830109]","[3.4690458195311087, 1.6672646640764164]",7847.69190910738,1.331383828433978,0.21461226,38026.59
4.6587139945849465,6.019282655865399,0.898731247132504,1.6435,365160,"[6.921299017788652, 4334.446456206565, 0.1782499999951135]","[6.608738182228334, 1461.0933772680148, 0.3250403780541339]","[3.6484907460929072, 1.5354416406932687]",6553.44190910738,1.3499192438917322,0.3708627,27445.992
5.805484188264362,7.004204416421785,0.7880774026116527,1.6435,365160,"[11.217134909922262, 2674.479734879814, 0.1782499997125004]","[10.235920357160841, 1090.9593933508047, 0.3203739474036852]","[3.8726868913108685, 1.4039378700175058]",4067.1919091073796,1.3592521051926296,0.57117254,17722.668
7.234538694447208,8.203198412014963,0.6805758332393808,1.6435,365160,"[18.742997307303437, 1600.597786369533, 0.17824999999999733]","[16.912055616740005, 808.2101211175493, 0.31686172875179475]","[4.129059169106894, 1.258541028724824]",1055.6919091073796,1.3662765424964105,0.96598315,15188.83
9.015363477736273,10.053644710445683,0.5714447737005446,1.6435,365160,"[33.12958204330117, 905.535118456649, 0.17824999999931235]","[29.862456153533962, 580.4390902859457, 0.3023316007598831]","[4.372354259258815, 1.09912609489598]",233.69190910737962,1.3953367984802338,1.609539,8111.9233
11.234548886729174,11.843239446041025,0.4526734379847131,1.6435,365160,"[65.79105658679754, 455.98902884955606, 0.1782500003625671]","[59.68254829178058, 337.6681933275795, 0.2891292920375651]","[4.606851304781122, 0.8945778500272344]",839.1919091073796,1.4217414159248698,3.6101038,4226.7617
14.0,14.566561746364005,0.3052035996148848,1.6435,365160,"[180.35574419899504, 166.33792360336233, 0.1782500000335802]","[182.46549797753624, 163.18853161906338, 0.199012879761701]","[4.914676783396213, 0.6200927789338659]",19.691909107379615,1.601974240476598,11.167183,2122.743
3.0,4.371594417473373,1.1439846066385633,1.693,365160,"[2.750819785847722, 10905.83983521657, 0.15349999999999922]","[2.7851773409924765, 2576.227231067398, 0.3111174023441773]","[3.013367858524039, 1.7560680343252453]",17465.69190910738,1.3777651953116454,0.15911385,48118.082
3.73846786581814,5.194366368041448,1.0176160159223435,1.693,365160,"[4.332185365077493, 6924.911441194384, 0.15349999999996852]","[4.101745551483218, 1813.353445807754, 0.30712787326974894]","[3.2347945853345124, 1.6304682383251028]",12094.69190910738,1.3857442534605022,0.13957424,34023.68
4.6587139945849465,5.6933388490045775,0.9006097109189254,1.693,365160,"[6.892456667025268, 4352.584491901894, 0.15349999999764377]","[6.188216620368473, 1460.2058423325554, 0.3033962422927966]","[3.4919425759757114, 1.5228851202380924]",8026.19190910738,1.3932075154144068,0.34395754,42406.953
5.805484188264362,6.904812987096979,0.790116312600007,1.693,365160,"[11.159317550953343, 2688.3364384085558, 0.15349999983886006]","[9.535060331916648, 1053.802561712123, 0.2929360013227819]","[3.7007904496556447, 1.3902985149410947]",5597.94190910738,1.414127997354436,0.32834575,22133.525
7.234538694447208,8.392599369758404,0.682627784725896,1.693,365160,"[18.63048528284952, 1610.2640132308736, 0.15349999999999744]","[16.049640093375068, 755.4900005253651, 0.3017837709193325]","[4.022828796628316, 1.249501998504794]",1826.9419091073796,1.396432458161335,1.0082098,13825.953
9.015363477736273,9.255248304787104,0.5732960349883153,1.693,365160,"[32.91596644324663, 911.4117931711252, 0.15349999999959105]","[28.103709569573702, 532.8448716904757, 0.2864481313620799]","[4.264495864723321, 1.0891670137349823]",448.1919091073796,1.4271037372758402,1.6367927,23858.88
11.234548886729174,11.799251867091716,0.4540558538279428,1.693,365160,"[65.39105229495839, 458.77836412051414, 0.15350000010827902]","[56.26100553166175, 320.6726335244242, 0.2825002564099492]","[4.539169752152643, 0.8935085335532]",-493.8080908926204,1.4349994871801015,2.8940763,7679.871
14.0,14.688520252672376,0.3058461908128292,1.693,365160,"[179.59867565994185, 167.03909363342413, 0.1535000000020019]","[176.90657041492045, 161.34047367859745, 0.16230277180547498]","[4.861558058410793, 0.6228159829489337]",285.1919091073796,1.67539445638905,11.246197,2109.463
3.0,4.538308171789153,1.1450546524052938,1.7425,365160,"[2.745680943402202, 10926.251308291736, 0.12874999999999945]","[2.6173983356151025, 2616.724085591635, 0.2766722304262642]","[2.745192430433873, 1.6963132097526636]",20489.94190910738,1.4466555391474716,0.1626428,43940.926
3.73846786581814,4.538310597704296,1.0189325264381546,1.7425,365160,"[4.320997807654123, 6942.840828768446, 0.12874999999998596]","[3.825683893608967, 1671.4491695428128, 0.2767936294431934]","[2.996546218600279, 1.5864398934264536]",15500.19190910738,1.4464127411136132,0.18610051,59653.426
4.6587139945849465,5.582263563742221,0.9021520349965936,1.7425,365160,"[6.868910048355518, 4367.505148387011, 0.12874999999880876]","[5.930331763333851, 1329.7208787063234, 0.2766391901850429]","[3.3112019029297826, 1.4878513023277868]",11183.44190910738,1.4467216196299142,0.27754584,39688.438
5.805484188264362,7.315409453996037,0.7918173676526185,1.7425,365160,"[11.111422103901047, 2699.924430867176, 0.12874999990701258]","[9.29933589453611, 942.5927228089204, 0.2742659357668883]","[3.580190910984141, 1.3613876470188306]",6917.44190910738,1.4514681284662234,0.4591725,15415.403
7.234538694447208,8.066926267445902,0.684362466891646,1.7425,365160,"[18.536158041759723, 1618.4583629689403, 0.12874999999999934]","[15.53034889966698, 774.592007150788, 0.2672818078407733]","[3.8942205019997647, 1.2409143258022]",3561.9419091073796,1.4654363843184535,0.96902823,13479.99
9.015363477736273,9.09853247011118,0.5748769773284009,1.7425,365160,"[32.735174054300266, 916.4454097673886, 0.12874999999975306]","[27.987598819137915, 519.5303056044638, 0.2594809317982072]","[4.189514576436256, 1.077912626826613]",1470.9419091073796,1.4810381364035856,1.7478884,13887.741
11.234548886729174,11.54233469590837,0.4552438518930827,1.7425,365160,"[65.05021043117054, 461.1822129575264, 0.12874999998669392]","[59.78348339899198, 344.98417848109096, 0.233582585848706]","[4.526567631827447, 0.887675032555748]",481.6919091073796,1.532834828302588,3.2374258,5124.645
14.0,14.425297380255556,0.3063985902900088,1.7425,365160,"[178.9516701860981, 167.64302880661546, 0.12874999999969136]","[182.83688758503513, 161.44534031622055, 0.13696740176370822]","[4.863954358800368, 0.6169805372063104]",-366.3080908926204,1.7260651964725835,12.766556,2327.5168
3.0,3.835522057234248,1.1458806598777154,1.792,365160,"[2.741723924789075, 10942.020722348238, 0.10399999999999984]","[2.452709875804712, 2177.7748174671246, 0.24693110641201393]","[2.4889447689884783, 1.6280719156778072]",24467.19190910738,1.5061377871759722,0.1318783,61804.848
3.73846786581814,4.622022051346056,1.019967801066153,1.792,365160,"[4.3122305718318685, 6956.9563826119265, 0.10399999999999347]","[3.7727628794040413, 1676.1378697364057, 0.23752663391276485]","[2.7824681954486072, 1.5285322254537848]",18981.69190910738,1.5249467321744703,0.24346823,48892.164
4.6587139945849465,5.995625746908811,0.9033847302120468,1.792,365160,"[6.850177175534134, 4379.448769171548, 0.10399999999937183]","[5.606770509451785, 1240.963694487421, 0.24722771454380088]","[3.117939057964329, 1.4528024696234836]",14121.19190910738,1.5055445709123982,0.3112233,20302.807
5.805484188264362,6.885755970596512,0.793195924209332,1.792,365160,"[11.072832866614098, 2709.3337686377936, 0.10399999994515606]","[9.168856174141602, 1003.686470009912, 0.24442062005608545]","[3.468403751659223, 1.3462857577385412]",8067.69190910738,1.511158759887829,0.44766858,15809.629
7.234538694447208,8.027182479514622,0.6857844662671378,1.792,365160,"[18.4593669247481, 1625.1911629634278, 0.10399999999999907]","[14.817057736566001, 654.8370395349667, 0.24961381942823724]","[3.762274977216068, 1.2144636293428048]",4814.19190910738,1.5007723611435255,0.75217265,19254.828
9.015363477736273,10.268342750626877,0.5761844135285715,1.792,365160,"[32.58678200412823, 920.6186728164649, 0.10399999999984536]","[27.07511627601599, 531.7870071907676, 0.22952714582337796]","[4.099447943177612, 1.0777084918272148]",2949.9419091073796,1.540945708353244,1.6980194,7771.4507
11.234548886729174,12.273544167497512,0.4562317504484881,1.792,365160,"[64.76880330376522, 463.18595480759785, 0.10399999993868514]","[56.02220148327171, 351.9352053883449, 0.21987536615995554]","[4.466636569760068, 0.8997986968130787]",1059.6919091073796,1.560249267680089,3.1230028,7078.525
14.0,13.87733538179705,0.3068581132404514,1.792,365160,"[178.41610782666314, 168.1462529669459, 0.10399999999989666]","[185.69992607951525, 160.73469099008173, 0.10948360655777112]","[4.8518488952516226, 0.6144213746604009]",11.691909107379615,1.7810327868844578,10.954569,2019.805
3.0,4.4679403923654855,1.1464960780808684,1.8415,365160,"[2.738781299889068, 10953.77714212344, 0.07924999999999977]","[2.385765569367062, 1893.10972235722, 0.2126258944963057]","[2.264865708622528, 1.5525810934674076]",27869.69190910738,1.5747482110073885,0.13946398,31220.92
3.73846786581814,4.79298925914896,1.02075116126644,1.8415,365160,"[4.305614397932957, 6967.646711327057, 0.0792499999999965]","[3.570669814044741, 1641.9180833528262, 0.21710617068930144]","[2.6343633447829022, 1.504001234797927]",22851.19190910738,1.5657876586213972,0.1648694,27807.973
4.6587139945849465,6.063255835929259,0.9043301511847512,1.8415,365160,"[6.835861793314903, 4388.620031689105, 0.0792499999996601]","[5.364409271573266, 989.4064896408164, 0.22184120764292592]","[2.9360436653374435, 1.400068441786376]",15104.19190910738,1.5563175847141482,0.3123826,15120.468
5.805484188264362,6.482691835998226,0.7942654633884775,1.8415,365160,"[11.043032112374146, 2716.6451835618436, 0.07924999996750179]","[8.511588026804706, 861.2986809015131, 0.22330394459843284]","[3.3006197911222928, 1.3176117474212794]",9848.19190910738,1.5533921108031343,0.45811534,25950.19
7.234538694447208,7.936860264037267,0.6868982476860128,1.8415,365160,"[18.399553024980495, 1630.4743902892606, 0.0792499999999976]","[13.93933402793833, 693.9533255590544, 0.23458493731435406]","[3.684227405998071, 1.2240036997798716]",6156.44190910738,1.530830125371292,0.8156143,21146.521
9.015363477736273,9.984263125071822,0.5772159968425772,1.8415,365160,"[32.47040982451276, 923.9181199786464, 0.07924999999990505]","[25.73222526037231, 486.4907562443709, 0.2383220061472094]","[4.0574241502163275, 1.0757974521978646]",2915.4419091073796,1.5233559877055813,1.5106785,10150.674
11.234548886729174,11.663645710517304,0.4570148181001188,1.8415,365160,"[64.54703848890101, 464.77732677322683, 0.07924999993051893]","[55.567394124046615, 315.9768031036092, 0.23878750297693802]","[4.455514373470326, 0.8880186059300104]",838.1919091073796,1.522424994046124,3.2243273,4368.877
14.0,14.818074401771193,0.3072224878925162,1.8415,365160,"[177.99314559094594, 168.54581619083436, 0.07924999999997849]","[176.9451813906104, 167.12741162923248, 0.08004472443917779]","[4.8116372659221724, 0.6225762670317587]",1169.6919091073796,1.8399105511216445,9.087773,1751.4121
3.0,3.9639780561822424,1.146926267212961,1.891,365160,"[2.736727160881954, 10961.99885352547, 0.05449999999999971]","[2.323733392040608, 2022.78099477753, 0.17919108449124466]","[2.079891386403199, 1.4960280817906222]",29621.44190910738,1.6416178310175107,0.15308605,34810.13
3.73846786581814,4.548127138117893,1.0213054136718271,1.891,365160,"[4.3009424367984, 6975.215418677364, 0.05449999999999837]","[3.5169560258527426, 1501.1205543272413, 0.1852959490483943]","[2.464543253337368, 1.444555368987903]",23585.19190910738,1.6294081019032114,0.1888101,38478.35
4.6587139945849465,5.742123266784325,0.90500614756354,1.891,365160,"[6.825653482596156, 4395.183563961032, 0.05449999999981884]","[5.1710566679177665, 1046.7228046559894, 0.20039055725699162]","[2.8263750089358846, 1.3823003951636692]",15646.19190910738,1.5992188854860168,0.26789048,23638.975
5.805484188264362,6.240768969243677,0.7950370951330595,1.891,365160,"[11.02160664924065, 2721.926208650069, 0.0544999999814419]","[8.239890358043908, 784.4493471151136, 0.2137340071457825]","[3.2204406012630633, 1.3016245775699515]",11030.94190910738,1.572531985708435,0.50173634,23810.865
7.234538694447208,7.9614519049791195,0.6877077659224979,1.891,365160,"[18.35626135969254, 1634.3197240520487, 0.05449999999999898]","[13.722962242856296, 625.498128754479, 0.20954487123676258]","[3.572866179913223, 1.1949460387832793]",7244.94190910738,1.5809102575264748,0.7071748,12680.284
9.015363477736273,9.75207405656166,0.577970069999655,1.891,365160,"[32.385737302597356, 926.3337042381918, 0.05449999999994445]","[24.734665755929562, 466.508229027016, 0.22300795115376518]","[3.9822099174452377, 1.0692357306005849]",3313.4419091073796,1.5539840976924697,1.1851288,7144.164
11.234548886729174,12.10294240321829,0.4575893026289541,1.891,365160,"[64.38506792807668, 465.9465457660528, 0.054499999943287754]","[56.01778807836852, 331.1264896020654, 0.1958854196163603]","[4.4085799027311605, 0.8860590730669173]",1395.6919091073796,1.6082291607672794,3.1201563,4058.8403
14.0,14.06620839405932,0.3074898878388685,1.891,365160,"[177.68370671519386, 168.839341291357, 0.05449999999997657]","[182.03576401448046, 160.05036819252382, 0.05648938497917427]","[4.797006840697188, 0.6129311927989585]",306.9419091073796,1.8870212300416513,10.880504,1938.2543
3.0,4.591532185887287,1.147189160279369,1.9405,365160,"[2.7354729925500543, 10967.024745520695, 0.029749999999999933]","[2.2143142816590773, 1322.9149161514579, 0.16152001494903373]","[1.9256201190095146, 1.4412425069987163]",30902.69190910738,1.6769599701019327,0.12635611,17711.738
3.73846786581814,5.21069723631599,1.0216470103491184,1.9405,365160,"[4.298066801646854, 6979.882208555983, 0.02974999999999921]","[3.3388183912694758, 1253.3643022729711, 0.16111199694895673]","[2.2963093897389726, 1.3957757323678934]",24861.69190910738,1.6777760061020865,0.16710399,21312.664
4.6587139945849465,5.105471556477956,0.9054258574610984,1.9405,365160,"[6.819326889837505, 4399.261171173282, 0.029749999999915865]","[5.1544951508911065, 1016.8432370369381, 0.17203894385637716]","[2.7069861759764713, 1.3489886253860401]",19222.94190910738,1.6559221122872456,0.28361663,35572.79
5.805484188264362,6.686755897993564,0.7955191925028364,1.9405,365160,"[11.008252156735391, 2725.2282717419876, 0.0297499999909974]","[8.233903545539931, 773.6697969152156, 0.17709690181811777]","[3.0928270486439415, 1.2674523864177236]",12488.69190910738,1.6458061963637645,0.45676452,11315.056
7.234538694447208,7.988962173389935,0.6882161536939235,1.9405,365160,"[18.329151702569106, 1636.736957979078, 0.029749999999998427]","[13.535281052662537, 618.5550310958827, 0.191153502368472]","[3.505868514285459, 1.1845144468422595]",8319.44190910738,1.6176929952630559,0.6113848,15112.582
9.015363477736273,9.806496024818884,0.5784455343101209,1.9405,365160,"[32.33251903779882, 927.8584191020825, 0.02974999999997095]","[24.370489473359072, 441.9651267849706, 0.205554276786295]","[3.916492101622126, 1.0580287157644166]",4134.44190910738,1.58889144642741,1.4104425,8071.7935
11.234548886729174,11.424307151912918,0.4579524513867948,1.9405,365160,"[64.2829958162015, 466.6864015761843, 0.029749999966494665]","[51.62964194601322, 266.24046573618193, 0.21682363205238744]","[4.315633598081781, 0.8689120627959412]",488.9419091073796,1.5663527358952252,2.3870008,5039.557
14.0,14.408524549905279,0.3076589585566976,1.9405,365160,"[177.48847198128877, 169.02506210748527, 0.0297499999999841]","[158.18884068332318, 142.55952296369017, 0.18278554330601537]","[4.7622560382990535, 0.6218110423268323]",35.941909107379615,1.6344289133879693,8.340429,1830.2228
3.0,3.876370094651589,1.147295793706262,1.99,365160,"[2.7349645285505786, 10969.063652134015, 0.004999999999999993]","[2.5901391811695564, 7541.527264795166, 0.04999999999999993]","[1.7779277636429593, 1.3883496394079844]",24955.94190910738,1.9000000000000001,0.12947091,38087.348
3.73846786581814,4.838915303742844,1.021786218694538,1.99,365160,"[4.296895742576105, 6981.784478208957, 0.004999999999999314]","[3.944247939424588, 4041.4924401628673, 0.04999999999999314]","[2.175781053449005, 1.3522325671394757]",19150.94190910738,1.9000000000000137,0.19950052,24270.016
4.6587139945849465,6.069353828465697,0.905597595236338,1.99,365160,"[6.816740697057016, 4400.930200110423, 0.0049999999999858855]","[6.127937598995926, 2517.6968782697923, 0.049998109993294446]","[2.5754860872661745, 1.2996269478176217]",12361.44190910738,1.900003780013411,0.23798525,17690.799
5.805484188264362,6.691557436355596,0.7957171402466631,1.99,365160,"[11.002775869926092, 2726.5846686924756, 0.004999999998557764]","[9.841400690742258, 1915.7532012091901, 0.04999929133293346]","[3.0037024700506, 1.2460548881714204]",6274.19190910738,1.900001417334133,0.49601832,20492.781
7.234538694447208,7.566651206141937,0.6884254913986841,1.99,365160,"[18.318006272258465, 1637.7328162308374, 0.004999999999997443]","[16.46206420395226, 1457.295854860975, 0.04998603625942359]","[3.4397529219861998, 1.1761191298214775]",4974.19190910738,1.900027927481153,0.79526055,17282.994
9.015363477736273,9.78671804061607,0.578641747347883,1.99,365160,"[32.31059533043996, 928.4879988496176, 0.004999999999991288]","[28.39269962798237, 760.9586165975942, 0.049999999999912864]","[3.8197668345219435, 1.0471903220738836]",3132.4419091073796,1.9000000000001742,1.5309353,6041.6865
11.234548886729174,11.674313964716221,0.4581025247612056,1.99,365160,"[64.24088478042734, 466.9923227635912, 0.0049999999942012836]","[61.568319903058224, 426.8121583698843, 0.049980564870246436]","[4.326212456729175, 0.8788096321289475]",873.4419091073796,1.900038870259507,3.5094104,5280.1934
14.0,14.501962802851876,0.3077288373803406,1.99,365160,"[177.40787324675517, 169.10185242045733, 0.005000000022842525]","[179.5790956683491, 171.07020327864828, 0.0051488650977707644]","[4.7735118183938114, 0.6196478624562657]",-88.30809089262038,1.9897022698044584,9.833468,2048.3096
