Lag_X,ACF_Empirical_Y,ACF_Theoretical_Y,Gamma_Theoretical
0,1.0,1.0,11.234548886729174
1,0.9127475618354256,0.9148353825604345,11.234548886729174
2,0.833858591870755,0.8369237771844965,11.234548886729174
3,0.7623594101096107,0.7656474838745027,11.234548886729174
4,0.697531515756755,0.7004414088167648,11.234548886729174
5,0.6388975802550099,0.6407885841960547,11.234548886729174
6,0.5881568767904747,0.5862160695633568,11.234548886729174
7,0.5417572049179606,0.5362912022620678,11.234548886729174
8,0.4989664510264204,0.49061816718521417,11.234548886729174
9,0.46135994157486426,0.44883485866798456,11.234548886729174
10,0.4267183793902822,0.4106100096359842,11.234548886729174
