Empirical_X,Empirical_Y,Theoretical_X,Theoretical_Y_Lognorm
5.63464517519976,3.4868998991192425e-06,4.903738694829288,2.375394595448077e-05
7.439522794117201,2.3768593514709927e-05,4.972483345905135,2.5026865587999616e-05
9.822534992583137,0.00011801425790398579,5.042191716164578,2.636102161582556e-05
12.968868615714637,0.00033859573995987513,5.112877315817504,2.7758953685206626e-05
17.12302916697851,0.0007475493641428565,5.184553844471061,2.9223284511660103e-05
22.60784163530832,0.0014326361379534893,5.257235193784785,3.075672143526036e-05
29.849537626955435,0.00225537717385579,5.33093545016294,3.2362057944359075e-05
39.410878354327124,0.003191329806705044,5.405668897484622,3.404217516253785e-05
52.03488751051699,0.003934594592162506,5.481450019872114,3.5800043294443113e-05
68.7025925656608,0.004270512446627354,5.558293504498068,3.7638723026002074e-05
90.70926163315336,0.004188896816700009,5.636214244432024,3.956136687437383e-05
119.76506036752542,0.0037059687974452154,5.71522734152685,4.157122048284176e-05
158.12795106684604,0.002905096018042351,5.795348109345635,4.3671623855711125e-05
208.77916173437575,0.0020540591787230676,5.876592076129617,4.586601252814048e-05
275.6548610187341,0.001333921365852752,5.9589749878077205,4.8157918665696445e-05
363.95204278064904,0.0007908328366046108,6.04251281104828,5.05509720882921e-05
480.5323909568388,0.0004274513101587673,6.127221736353551,5.3048901213046366e-05
634.4555095624634,0.00020929323837152422,6.213118181197587,5.5655533910477504e-05
837.682955799582,8.967832094469621e-05,6.300218793208134,5.837479826833392e-05
1106.0077875610907,3.460483799876023e-05,6.388540453393103,6.121072325725604e-05
1460.2818616240838,1.1463281484438131e-05,6.478100279412286,6.416743929236358e-05
1928.0362574033998,3.347543506176126e-06,6.568915628894942,6.724917868477267e-05
2545.6207514128864,8.25840406109864e-07,6.6610041028038856,7.046027597695904e-05
3361.0286036587067,1.2275894263541026e-07,6.754383548846736,7.380516815581699e-05
4437.626173632555,4.427467056535262e-08,6.849072064934985,7.728839473718898e-05
,,6.945088002691572,8.091459771559835e-05
,,7.042449971007607,8.468852137286301e-05
,,7.14117683964898,8.86150119392476e-05
,,7.241287742913511,9.269901710077886e-05
,,7.342802083339378,9.694558534636005e-05
,,7.4457395354655365,0.00010135986514830939
,,7.550120049644838,0.00010594710396998181
,,7.655963855910635,0.00011071264709416404
,,7.763291467897553,0.00011566193626598206
,,7.872123686817265,0.00012080050814413522
,,7.982481605489969,0.00012613399255434355
,,8.09438661243241,0.00013166811053900597
,,8.20786039600318,0.000137408672197179
,,8.322924948606172,0.00014336157430912453
,,8.439602570952916,0.00014953279773982346
,,8.557915876384696,0.00015592840461603678
,,8.677887795255264,0.00016255453527168212
,,8.799541579374962,0.00016941740495649365
,,8.922900806517186,0.00017652330030319723
,,9.047989384987979,0.00018387857554864702
,,9.174831558259742,0.00019148964850467505
,,9.303451909669839,0.00019936299627467581
,,9.433875367185134,0.00020750515071228006
,,9.566127208233274,0.00021592269361879566
,,9.700233064601719,0.00022462225167645255
,,9.836218927405461,0.00023361049111487713
,,9.974111152124355,0.00024289411210860005
,,10.113936463711106,0.0002524798429038448
,,10.25572196177083,0.00026237443367326267
,,10.399495125813246,0.00027258465009775566
,,10.545283820578495,0.00028311726667500987
,,10.693116301437609,0.00029397905975484586
,,10.843021219868703,0.0003051768003020388
,,10.995027629009929,0.00031671724638777796
,,11.149164989290282,0.0003286071354115014
,,11.305463174139321,0.0003408531760554241
,,11.46395247577698,0.00035346203997465474
,,11.62466361108449,0.0003664403532264135
,,11.787627727557648,0.00037979468744248654
,,11.952876409343531,0.0003935315507496937
,,12.120441683361799,0.00040765737844377937
,,12.290356025511889,0.00042217852342283046
,,12.462652366967164,0.00043710124638696467
,,12.637364100557317,0.0004524317058117457
,,12.814525087240254,0.00046817594770346056
,,12.994169662664698,0.0004843398951450886
,,13.176332643824798,0.0005009293376425158
,,13.361049335808035,0.0005179499202812335
,,13.548355538637686,0.0005354071327045011
,,13.738287554211285,0.000553306297924638
,,13.930882193336277,0.0005716525609798388
,,14.126176782864354,0.0005904508774496127
,,14.324209172925789,0.0006097060018426535
,,14.525017744265154,0.0006294224758716411
,,14.728641415679961,0.0006496046166301861
,,14.9351196515635,0.0006702565046877743
,,15.144492469553448,0.0006913819721192771
,,15.356800448287721,0.0007129845904862342
,,15.572084735269026,0.0007350676587877361
,,15.790387054839679,0.0007576341913993948
,,16.01174971626822,0.0007806869060194571
,,16.2362156219494,0.0008042282116417069
,,16.46382827571907,0.0008282601965753826
,,16.694631791285754,0.0008527846165328113
,,16.92867090078028,0.0008778028828060183
,,17.165990963425365,0.0009033160505539975
,,17.40663797432669,0.0009293248072227983
,,17.650658573387247,0.0009558294611209706
,,17.898100054346635,0.000982829930173264
,,18.14901037394708,0.0010103257308758413
,,18.403438161227932,0.0010383159674765088
,,18.661432726950522,0.001066799321403761
,,18.92304407315507,0.0010957740409685884
,,19.188322902851603,0.0011252379313631802
,,19.45732062984675,0.0011551883449807709
,,19.730089388708258,0.0011856221720808991
,,20.0066820448692,0.0012165358318244096
,,20.28715220487389,0.0012479252637024323
,,20.571554226767365,0.00127978591938351
,,20.859943230630513,0.0013121127550028765
,,21.152375109262984,0.0013449002239177092
,,21.448906539015756,0.0013781422699518664
,,21.74959499077561,0.0014118323211533544
,,22.054498741103586,0.001445963284087343
,,22.363676883529596,0.0014805275386871692
,,22.67718934000537,0.0015155169336851975
,,22.99509687251794,0.0015509227826449221
,,23.317461094865966,0.0015867358606150553
,,23.644344484601124,0.001622946401425639
,,23.975810395136886,0.001659544095645571
,,24.311923068027124,0.0016965180892200462
,,24.652747645416753,0.0017338569828056483
,,24.998350182666986,0.0017715488318198684
,,25.3487976611575,0.0018095811472208872
,,25.704158001268198,0.0018479408970324773
,,26.064500075542846,0.001886614508627708
,,26.42989372203729,0.0019255878717841254
,,26.80040975785482,0.001964846342521871
,,27.176119992871246,0.0020043747477348907
,,27.557097243652414,0.0020441573906242972
,,27.943415347566805,0.0020841780569414306
,,28.335149177095996,0.0021244200220469555
,,28.732374654345744,0.002164866058790832
,,29.13516876576042,0.002205498446216646
,,29.54360957704387,0.002246298979092227
,,29.95777624828933,0.0022872489782670286
,,30.377749049321434,0.0023283293018551707
,,30.80360937525341,0.0023695203572415622
,,31.235439762262278,0.0024108021139067977
,,31.673323903585214,0.0024521541170650506
,,32.11734666574017,0.0024935555021074756
,,32.56759410497392,0.002534985009842063
,,33.02415348394062,0.0025764210025191548
,,33.48711328861426,0.0026178414806302896
,,33.95656324543813,0.002659224100466304
,,34.4325943387148,0.0027005461924190146
,,34.91529882823971,0.002741784780009145
,,35.40477026718225,0.002782916599621565
,,35.9011035202172,0.002823918120927219
,,36.40439478191058,0.002864765567969588
,,36.914741595363076,0.0029054349408919617
,,37.432242871115015,0.002945902038280163
,,37.95699890631619,0.002986142480093968
,,38.4891114041645,0.0030261317311588583
,,39.028683493617116,0.0030658451251884392
,,39.57581974937794,0.003105257889306307
,,40.130626212165275,0.003144345169034918
,,40.69321040926361,0.0031830820537176543
,,41.26368137536353,0.003221443602339036
,,41.84214967369385,0.003259404869706863
,,42.42872741744975,0.0032969409329589023
,,43.02352829152168,0.0033340269183557733
,,43.6266675745286,0.0033706380283205404
,,44.23826216116008,0.003406749568684742
,,44.85843058483191,0.0034423369760996935
,,45.48729304065894,0.0034773758455711023
,,46.12497140875024,0.0035118419580743884
,,46.771589277830714,0.0035457113082075116
,,47.42727196919387,0.003578960131837533
,,48.092146560990415,0.003611564933696816
,,48.766341912857314,0.0036435025148842796
,,49.44998869089219,0.0036747500002270385
,,50.14321939297761,0.0037052848654574805
,,50.846168374460795,0.003735084964160863
,,51.558971874192906,0.003764128554448453
,,52.281768040933635,0.0037923943253114754
,,53.014696960125875,0.0038198614226112593
,,53.75790068104572,0.0038465094746613646
,,54.511523244333056,0.0038723186173578736
,,55.27571070990825,0.00389726951881452
,,56.05061118528001,0.00392134340345997
,,56.83637485425018,0.003944522075555316
,,57.63315400602094,0.003966787942090497
,,58.44110306471,0.003988124035019478
,,59.26037861927972,0.004008514032794804
,,60.09113945388549,0.004027942281163303
,,60.93354657864997,0.004046393813185903
,,61.78776326086839,0.004063854368445728
,,62.65395505665153,0.004080310411409937
,,63.53228984301218,0.0040957491489122715
,,64.42293785040147,0.004110158546724715
,,65.32607169570136,0.004123527345188128
,,66.24186641567941,0.004135845073873582
,,67.17049950091302,0.0041471020652475285
,,68.11215093018875,0.004157289467315975
,,69.0670032053841,0.004166399255224379
,,70.0352413868384,0.004174424241792122
,,71.01705312921929,0.004181358086962077
,,72.0126287178923,0.004187195306147971
,,73.02216110579992,0.004191931277464122
,,74.04584595085818,0.004195562247824206
,,75.083881653877,0.0041980853378977695
,,76.13646939701238,0.004199498545915386
,,77.20381318275763,0.004199800750315375
,,78.28611987348118,0.004198991711227143
,,79.38359923151859,0.004197072070788509
,,80.4964639598268,0.004194043352296314
,,81.62492974320811,0.004189907958191974
,,82.76921529011219,0.004184669166885628
,,83.92954237502398,0.00417833112842485
,,85.10613588144601,0.004170898859015828
,,86.29922384548311,0.004162378234407237
,,87.50903750003812,0.004152775982148955
,,88.73581131962737,0.004142099672739929
,,89.97978306582425,0.004130357709681466
,,91.24119383333984,0.004117559318454302
,,92.52028809674962,0.004103714534439627
,,93.81731375787517,0.004088834189806228
,,95.13252219383021,0.004072929899387756
,,96.4661683057399,0.004056014045575845
,,97.81851056814361,0.004038099762256629
,,99.18981107908982,0.004019200917819795
,,100.5803356109335,0.0039993320972709625
,,101.99035366184556,0.0039785085834796495
,,103.42013850804452,0.003956746337596575
,,104.86996725675974,0.003934061978675442
,,106.34012089993892,0.003910472762535511
,,107.83088436870563,0.003885996559902736
,,109.34254658858362,0.003860651833867983
,,110.87540053549195,0.0038344576167023046
,,112.4297432925285,0.0038074334860698205
,,114.00587610754609,0.003779599540679872
,,115.6041044515387,0.0037509763754206915
,,117.2247380778444,0.003721585056017625
,,118.8680910821789,0.0036914470932594263
,,120.5344819635105,0.003660584416836681
,,122.22423368578859,0.003629019348836704
,,123.93767374053745,0.003596774576939661
,,125.67513421032743,0.0035638731273607183
,,127.43695183313628,0.003530338337583211
,,129.2234680676117,0.003496193828927773
,,131.03502915925114,0.0034614634790021957
,,132.87198620750576,0.0034261713940768176
,,134.73469523382929,0.0033903418814295928
,,136.62351725067657,0.0033539994217050223
,,138.53881833147375,0.0033171686413302763
,,140.48096968156497,0.003279874285031615
,,142.45034771015753,0.0032421411884932905
,,144.447334103273,0.00320399425120063
,,146.47231589772227,0.003165458409508016
,,148.52568555611734,0.0031265586099717226
,,150.60784104293447,0.0030873197829865517
,,152.71918590164424,0.0030477668167642
,,154.86012933292156,0.0030079245316902503
,,157.03108627395483,0.002967817655095386
,,159.23247747886268,0.0029274707964754587
,,161.4647296002431,0.002886908423193434
,,163.72827527186055,0.002846154836695292
,,166.0235531924976,0.002805234149270201
,,168.35100821097672,0.0027641702613842335
,,170.71109141237852,0.0027229868396150985
,,173.104260205466,0.002681707295214126
,,175.5309784113352,0.002640354763320053
,,177.99171635330856,0.002598952082847654
,,180.48695094808855,0.0025575217770726724
,,183.01716579818932,0.002516086034932886
,,185.5828512856629,0.0024746666930635522
,,188.18450466714245,0.0024332852185837447
,,190.82263017021296,0.0023919626926486334
,,193.49773909113893,0.0023507197947808486
,,196.21034989395574,0.0023095767879927186
,,198.96098831095657,0.0022685535047091993
,,201.7501874445818,0.002227669333500019
,,204.57848787074212,0.002186943206627588
,,207.4464377435867,0.0021463935884158875
,,210.35459290174134,0.0021060384644437887
,,213.30351697603595,0.002065895331564733
,,216.29378149874194,0.0020259811887531577
,,219.32596601434147,0.0019863125287764975
,,222.40065819184807,0.0019469053306901635
,,225.5184539387054,0.0019077750531513117
,,228.6799575162771,0.001868936628546009
,,231.8857816569626,0.0018304044579227359
,,235.13654768294714,0.0017921924067241487
,,238.4328856266245,0.0017543138013073809
,,241.7754343527002,0.0017167814262422799
,,245.1648416820127,0.0016796075223754069
,,248.60176451708682,0.0016428037856467965
,,252.08686896944837,0.0016063813666451529
,,255.62083048872358,0.0015703508708862172
,,259.20433399354835,0.0015347223597980341
,,262.83807400431255,0.0014995053523958752
,,266.5227547777654,0.001464708827628757
,,270.25909044350794,0.0014303412273786026
,,274.0478051423975,0.0013964104600924004
,,277.88963316689694,0.0013629239050269276
,,281.78531910338364,0.0013298884170850908
,,285.735617976463,0.001297310332222144
,,289.74129539529537,0.0012651954733997964
,,293.80312770198367,0.0012335491570654243
,,297.92190212203224,0.0012023762001335404
,,302.0984169169228,0.0011716809274459896
,,306.33348153882406,0.0011414671796873262
,,310.62791678747243,0.001111738321731394
,,314.98255496925174,0.0010824972513950536
,,319.3982400585026,0.001053746408574844
,,323.87582786109397,0.0010254877847422866
,,328.4161861802857,0.0009977229327735315
,,333.0201949849212,0.0009704529770890644
,,337.6887465799699,0.0009436786240793154
,,342.4227457794705,0.0009174001727920462
,,347.2231100818879,0.0008916175258577117
,,352.09076984793967,0.0008663302006290341
,,357.0266684809042,0.0008415373405115018
,,362.0317626094661,0.0008172377264615883
,,367.1070222731192,0.0007934297886300252
,,372.25343111017025,0.0007701116181277286
,,377.47198654837894,0.0007472809788924306
,,382.76369999826915,0.0007249353196345444
,,388.1295970491517,0.0007030717858412291
,,393.57071766789215,0.0006816872318181815
,,399.0881164004717,0.0006607782327491739
,,404.68286257636277,0.0006403410967539961
,,410.3560405157835,0.0006203718769259409
,,416.10874973984295,0.0006008663833307219
,,421.9421051836469,0.0005818201949491863
,,427.8572374123776,0.0005632286715470055
,,433.8552928404133,0.0005450869654550067
,,439.93743395351396,0.000527390033244653
,,446.1048395341229,0.0005101326472837392
,,452.3587048898273,0.0004933094071581372
,,458.70024208502156,0.0004769147509461054
,,465.13068017581827,0.00046094296633237376
,,471.65126544824966,0.00044538820154996266
,,478.2632616598163,0.00043024447613834374
,,484.96795028440926,0.0004155056915073568
,,491.76663076068075,0.00040116564129689936
,,498.66062074388174,0.0003872180215232177
,,505.6512563612424,0.0003736564405032432
,,512.7398924709256,0.0003604744285491802
,,519.9279029246123,0.00034766544742619927
,,527.2166808337693,0.0003352228995667945
,,534.6076388396475,0.00032314013703601196
,,542.1022093870681,0.0003114104702424316
,,549.701845002044,0.0003000271763904252
,,557.4080185732951,0.0002889835076698322
,,565.2222236377097,0.000278272699179835
,,573.145974669807,0.00026788797658439134
,,581.1808073752584,0.0002578225634971834
,,589.3282789885241,0.0002480696885946049
,,597.5899685746585,0.00023862259245585442
,,605.9674773353536,0.0002294745341297315
,,614.4624289192654,0.00022061879742825768
,,623.0764697366959,0.00021204869694771436
,,631.8112692786831,0.0002037575838181859
,,640.6685204405669,0.00019573885118312262
,,649.6499398500894,0.00018798593941089423
,,658.7572682000953,0.00018049234104069428
,,667.9922705858964,0.00017325160546555554
,,677.3567368473657,0.0001662573433556082
,,686.8524819158267,0.00015950323082504413
,,696.4813461658063,0.00015298301334659795
,,706.2451957717184,0.00014669050941764096
,,716.1459230695489,0.0001406196139822806
,,726.185446923607,0.00013476430161412276
,,736.365713098426,0.0001291186294645815
,,746.6886946358692,0.00012367673998186788
,,757.1563922375274,0.00011843286340597445
,,767.7708346524751,0.00011338132004515977
,,778.5340790704637,0.00010851652233961026
,,789.4482115206265,0.00010383297671809031
,,800.5153472757722,9.932528525352836e-05
,,811.7376312623478,9.498814712359513e-05
,,823.1172384761469,9.081635988241738e-05
,,834.6563744038469,8.680482054965557e-05
,,846.3572754504557,8.29485265232254e-05
,,858.2222093727507,7.924257632199125e-05
,,870.2534757187905,7.568217016479264e-05
,,882.4534062735963,7.226261039216744e-05
,,894.8243655110732,6.897930173715155e-05
,,907.3687510522703,6.582775145151308e-05
,,920.0889941300649,6.280356929375332e-05
,,932.9875600603608,5.9902467385178144e-05
,,946.0669487198921,5.712025994028539e-05
,,959.329695030726,5.445286287766173e-05
,,972.7783694515564,5.189629331751198e-05
,,986.4155784758857,4.944666897186153e-05
,,1000.2439651371911,4.710020743339186e-05
,,1014.2662095211717,4.4853225368767037e-05
,,1028.4850292851768,4.2702137622209587e-05
,,1042.9031801849176,4.064345623497441e-05
,,1057.5234566085576,3.867378938624924e-05
,,1072.3486921182996,3.678984026089097e-05
,,1087.3817599995564,3.498840584927819e-05
,,1102.6255738178236,3.326637568442714e-05
,,1118.0830879833597,3.1620730521383e-05
,,1133.7572983237822,3.0048540963755563e-05
,,1149.651242664688,2.85469660421282e-05
,,1165.7680014184189,2.711325174891897e-05
,,1182.1106981810747,2.5744729534126847e-05
,,1198.682500337901,2.4438814766245244e-05
,,1215.48661967716,2.3193005162472236e-05
,,1232.526313012609,2.2004879192195414e-05
,,1249.8048828147075,2.0872094457576854e-05
,,1267.325677850663,1.9792386054908706e-05
,,1285.0920938334662,1.876356492025852e-05
,,1303.1075740800104,1.7783516162770825e-05
,,1321.3756101784434,1.6850197388839333e-05
,,1339.8997426648734,1.5961637020215293e-05
,,1358.6835617095628,1.5115932608966661e-05
,,1377.7307078127392,1.4311249152058559e-05
,,1397.0448725101637,1.3545817408177677e-05
,,1416.6297990885887,1.2817932219282634e-05
,,1436.4892833112453,1.2125950839221534e-05
,,1456.6271741535027,1.146829127161911e-05
,,1477.0473745488391,1.084343061910321e-05
,,1497.7538421452734,1.0249903445806425e-05
,,1518.7505900723916,9.686300154951488e-06
,,1540.041687719143,9.151265383202848e-06
,,1561.631261522524,8.643496413344938e-06
,,1583.5234957673256,8.161741606729201e-06
,,1605.722633397093,7.704798856816819e-06
,,1628.2329768364505,7.271514065032361e-06
,,1651.0588888249574,6.8607796400365455e-06
,,1674.2047932626529,6.471533021421454e-06
,,1697.6751760674526,6.102755228731816e-06
,,1721.4745860445673,5.753469436619624e-06
,,1745.6076357681095,5.422739576845877e-06
,,1770.0790024750565,5.10966896775549e-06
,,1794.8934289717497,4.813398971765194e-06
,,1820.0557245531008,4.533107681323517e-06
,,1845.570765934676,4.26800863372451e-06
,,1871.4434981978661,4.017349555081995e-06
,,1897.678935748287,3.7804111337019674e-06
,,1924.282163287625,3.556505823023555e-06
,,1951.2583367991074,3.3449766742355425e-06
,,1978.612684546783,3.145196198616651e-06
,,2006.3505080888158,2.9565652595906306e-06
,,2034.477183304983,2.778511994435071e-06
,,2062.9981614385747,2.610490765532891e-06
,,2091.9189701529035,2.4519811410089837e-06
,,2121.2452146026217,2.302486904551605e-06
,,2150.982578520061,2.1615350941772035e-06
,,2181.1368253168,2.028675069660653e-06
,,2211.713799200663,1.9034776083179048e-06
,,2242.7194263084057,1.7855340287963622e-06
,,2274.1597158542504,1.6744553424995119e-06
,,2306.040761294538,1.5698714322452312e-06
,,2338.3687415087024,1.4714302577335286e-06
,,2371.1499219968036,1.378797087377593e-06
,,2404.390656093845,1.2916537560324196e-06
,,2438.097386201117,1.2096979481382076e-06
,,2472.276645034803,1.1326425057803718e-06
,,2506.935056892085,1.0602147611546842e-06
,,2542.0793389350038,9.92155892914933e-07
,,2577.7163024923148,9.282203058706094e-07
,,2613.852854379594,8.681750334945628e-07
,,2650.495998237854,8.117991626940391e-07
,,2687.6528358909122,7.588832802939633e-07
,,2725.330568721814,7.092289406779091e-07
,,2763.5364990685252,6.626481540303033e-07
,,2802.278031639206,6.189628946226561e-07
,,2841.5626749473163,5.780046285871832e-07
,,2881.3980427668503,5.396138606226791e-07
,,2921.7918556079585,5.036396990802505e-07
,,2962.7519422132696,4.6993943887999053e-07
,,3004.2862410751773,4.383781617142188e-07
,,3046.4028019744055,4.0882835299820026e-07
,,3089.1097875401415,3.8116953503522516e-07
,,3132.4154748320343,3.552879158697628e-07
,,3176.3282569443822,3.31076053309622e-07
,,3220.856644632788,3.084325336061168e-07
,,3266.0092679636514,2.8726166428948716e-07
,,3311.7948779867525,2.6747318066586964e-07
,,3358.2223484313013,2.4898196549127543e-07
,,3405.3006774257583,2.3170778134770972e-07
,,3453.038989241765,2.1557501525654476e-07
,,3501.4465360625254,2.005124350744133e-07
,,3550.5326997759717,1.8645295722736806e-07
,,3600.3069937930763,1.73333425349625e-07
,,3650.779064891647,1.6109439940403037e-07
,,3701.958695085976,1.4967995487221187e-07
,,3753.855803522694,1.3903749161334043e-07
,,3806.4804484032047,1.2911755200146076e-07
,,3859.8428289330755,1.1987364796232945e-07
,,3913.9532872987315,1.1126209654172385e-07
,,3968.822310671904,1.0324186364819037e-07
,,4024.460533242137,9.57744156240802e-08
,,4080.8787382778114,8.882357830961832e-08
,,4138.087860216051,8.235540327547276e-08
,,4196.098986781933,7.633804090993763e-08
,,4254.923361137402,7.074162005736979e-08
,,4314.572384060318,6.553813391487054e-08
,,4375.057616154039,6.070133190440905e-08
,,4436.390780087993,5.620661724764511e-08
,,4498.583762869649,5.2030949980544615e-08
,,4561.648618148343,4.81527551545668e-08
,,4625.597568551413,4.455183598066264e-08
,,4690.443008053044,4.120929168160798e-08
,,4756.19750437638,3.8107439827227473e-08
,,4822.873801429266,3.5229742935934265e-08
,,4890.48482177415,3.2560739134603345e-08
,,4959.043669132613,3.008597667721697e-08
,,5028.563630925007,2.7791952130876516e-08
,,5099.058180845691,2.566605204572848e-08
