Empirical_X,Empirical_Y,Theoretical_X,Theoretical_Y_GIG
3.724583705832904,1.7780524842622853e-05,3.2243273239370622,1.0540344246131503e-08
4.9699837612816635,9.898574341853229e-05,3.271263575912999,1.3677143423934886e-08
6.631811911951584,0.0003908792691316907,3.318883074820223,1.767443572648514e-08
8.84931045009312,0.0011877605673368743,3.367195766624796,2.274735655129228e-08
11.808280524512409,0.0025405857352854807,3.4162117420753373,2.9159282687144256e-08
15.756650162964029,0.00445757178446289,3.4659412388106166,3.723129996142809e-08
21.025247820176265,0.006418366049646071,3.5163946434978204,4.7353230012180494e-08
28.055522038490786,0.007850347781727812,3.567582494001943,5.99964132164651e-08
37.43652981330916,0.008350164229478499,3.6195154815867614,7.572845893851254e-08
49.954292867550485,0.007803903991324973,3.67220445314785,9.523018755877164e-08
66.65765732938868,0.006483362789311726,3.725660413478094,1.1931500082105983e-07
88.94617510497211,0.004881070222895744,3.7798945275661944,1.4895092746625995e-07
118.68737040532466,0.003366047810163887,3.834918122928616,1.8528559945324872e-07
158.37321702823047,0.0020990942289883466,3.890742691975494,2.2967441982181856e-07
211.3289374110672,0.0011897030612617579,3.9473798944109815,2.8371218593138343e-07
281.9916184396884,0.0006372421714067913,4.004841559668525,3.4926843090767063e-07
376.2819888483024,0.0003101595837227254,4.063139689381602,4.2852674114292296e-07
502.1005089267095,0.0001383777554473546,4.122286459890429,5.240282981314051e-07
669.9893392083048,5.370104145983158e-05,4.1822942247851405,6.387198783136847e-07
894.0156535836205,2.0921162921099123e-05,4.243175517486008,7.760065245206079e-07
1192.950308428789,6.875764904716966e-06,4.304943053861213,9.398090766716119e-07
1591.8406268120593,2.086084072387745e-06,4.367609734882718,1.1346267172777755e-06
2124.1090792011573,4.765749792737912e-07,4.431188649320814,1.3656046487908863e-06
2834.353706237877,9.012265829946757e-08,4.495693076477878,1.6386069747795983e-06
3782.084927147751,2.7516024258052807e-08,4.561136488961939,1.9602948052594117e-06
,,4.627532555500602,2.338209548324827e-06
,,4.6948951437959545,2.7808612857225377e-06
,,4.763238323421011,3.2978220594867137e-06
,,4.832576368758336,3.899823820689431e-06
,,4.90292376198144,4.598860710335262e-06
,,4.974295196079568,5.408295257182482e-06
,,5.046705577926532,6.342967988667512e-06
,,5.120170031394206,7.4193098601413554e-06
,,5.194703900511351,8.655456815402682e-06
,,5.270322752668415,1.0071365699254806e-05
,,5.347042381868998,1.1688930651827763e-05
,,5.424878812028629,1.3532099026071067e-05
,,5.503848300321581,1.5626985785578146e-05
,,5.583967340576399,1.800198526120311e-05
,,5.6652526667208525,2.0687879073253972e-05
,,5.7477212562770355,2.3717938962840596e-05
,,5.83139033390736,2.7128023222626538e-05
,,5.916277375012143,3.095666537511881e-05
,,6.00240010937958,3.5245153716972736e-05
,,6.089776524888854,4.003760033169571e-05
,,6.178424871267135,4.538099817159697e-05
,,6.2683636639012805,5.13252648236366e-05
,,6.359611687705026,5.792327160361977e-05
,,6.452188001042456,6.5230856669361e-05
,,6.546111939708601,7.330682090623556e-05
,,6.64140312096798,8.221290541790289e-05
,,6.738081447651915,9.201374955069547e-05
,,6.836167112315514,0.00010277682849173304
,,6.935680601455154,0.00011457236960752613
,,7.036642699787349,0.0001274732468307471
,,7.139074494589921,0.00014155485255682704
,,7.242997380106366,0.00015689494667771298
,,7.348433062014311,0.00017357348255595925
,,7.4554035619590415,0.0001916724099266532
,,7.56393122215302,0.00021127545490560833
,,7.674038710042351,0.0002324678774778329
,,7.785749023041164,0.00025533620703851664
,,7.899085493334956,0.0002799679567574489
,,8.014071792753818,0.00030645131773482745
,,8.130731937716593,0.0003348748341096612
,,8.249090294247056,0.00036532706046927036
,,8.369171583063068,0.0003978962030877004
,,8.49100088473981,0.00043266974669016754
,,8.614603644948227,0.00046973406859816195
,,8.740005679769682,0.0005091740422536245
,,8.867233181087967,0.000551072632249298
,,8.996312722059859,0.0005955104831044285
,,9.127271262665262,0.0006425655041191266
,,9.26013615533816,0.0006923124527161434
,,9.394935150679524,0.0007448225187344718
,,9.531696403253424,0.0008001629121747084
,,9.67044847746745,0.0008583964569109595
,,9.811220353538795,0.0009195811928783517
,,9.95404143354715,0.0009837699892187443
,,10.098941547575711,0.001051010170820552
,,10.245950959941599,0.0011213431606222459
,,10.395100375516972,0.0011948041399635488
,,10.54642094614212,0.0012714217291648524
,,10.699944277131973,0.001351217690394918
,,10.855702433877278,0.001434206654750531
,,11.013727948541865,0.0015203958753212512
,,11.174053826857456,0.0016097850078489024
,,11.336713555017335,0.00170236592041665
,,11.501741106670368,0.0017981225334183463
,,11.669170950016879,0.0018970306908666036
,,11.839038055007792,0.001999058063899924
,,12.011377900648535,0.002104164087146728
,,12.186226482409346,0.0022122999283992763
,,12.363620319743392,0.0023234084918446586
,,12.543596463714316,0.0024374244548954335
,,12.726192504734884,0.0025542743384604446
,,12.911446580418234,0.0026738766102983695
,,13.099397383543387,0.002796141820904559
,,13.290084170136804,0.002920972771196616
,,13.4835467676715,0.003048264711087491
,,13.67982558338553,0.0031779055678677914
,,13.878961612721604,0.0033097762031625653
,,14.08099644788953,0.003443750697082685
,,14.28597228655327,0.0035796966580583195
,,14.493931940644515,0.0037174755567221914
,,14.704918845304526,0.0038569430821038912
,,14.91897706795611,0.003997949518303953
,,15.136151317507725,0.004140340139737947
,,15.35648695369152,0.004283955622976333
,,15.580029996537286,0.004428632473155539
,,15.806827135984408,0.004574203462899881
,,16.036925741633645,0.004720498081670851
,,16.27037387264089,0.004867342993451812
,,16.507220287754997,0.005014562500679977
,,16.74751445550169,0.005161979012353927
,,16.99130656451567,0.005309413514273375
,,17.238647534023297,0.005456686039407687
,,17.489589024477596,0.005603616136439254
,,17.74418344834833,0.0057500233345886605
,,18.002483981069055,0.005895727602896393
,,18.264544572143443,0.006040549802213539
,,18.530419956413375,0.006184312128237935
,,18.800165665491125,0.006326838544022979
,,19.073838039357746,0.006467955200482201
,,19.35149423813049,0.00660749084351407
,,19.63319225400151,0.006745277206475862
,,19.918990923350204,0.006881149386842971
,,20.208949939032003,0.007014946206000321
,,20.503129862846098,0.0071465105512233205
,,20.801592138184464,0.007275689699017646
,,21.10439910286517,0.00740233561909931
,,21.411614002152536,0.007526305258406714
,,21.723301001966632,0.007647460804646365
,,22.03952520228522,0.007765669928981547
,,22.360352650740847,0.0078808060075776
,,22.68585035641562,0.00799274832182006
,,23.01608630383702,0.008101382237119863
,,23.35112946717744,0.008206599360314593
,,23.691049824660222,0.008308297675764782
,,24.03591837317561,0.008406381660330324
,,24.385807143109457,0.008500762377492768
,,24.740789213387615,0.00859135755096517
,,25.100938726739475,0.008678091618202308
,,25.466330905183767,0.008760895764289019
,,25.8370420657395,0.008839707936745017
,,26.213149636365937,0.008914472841838992
,,26.594732172134396,0.008985141923054286
,,26.981869371635483,0.009051673322392173
,,27.37464209362529,0.009114031825237684
,,27.77313237391378,0.00917218878954592
,,28.177423442499002,0.009226122060135655
,,28.587599740950886,0.009275815868899527
,,29.003746940047947,0.009321260721759646
,,29.4259519576707,0.009362453273210307
,,29.854302976955733,0.009399396189299677
,,30.28888946471386,0.009432097999907232
,,30.729802190116438,0.009460572941174882
,,31.17713324365377,0.009484840788947218
,,31.63097605636942,0.009504926684070363
,,32.09142541937446,0.009520860950388985
,,32.55857750364595,0.009532678906269259
,,33.0325298801135,0.009540420670459437
,,33.51338154003818,0.009544130963082608
,,34.001232915688284,0.009543858902535224
,,34.49618590131588,0.009539657799043349
,,34.998343874438746,0.009531584945603891
,,35.50781171743221,0.009519701407012434
,,36.02469583943523,0.009504071807652224
,,36.54910419857526,0.009484764118690054
,,37.08114632451686,0.009461849445295732
,,37.620933341338386,0.009435401814471228
,,38.168577990741674,0.009405497964045223
,,38.72419465559973,0.009372217133356876
,,39.2878993838471,0.00933564085612171
,,39.859809912717914,0.009295852755940345
,,40.440045693337055,0.009252938344879719
,,41.028727915669,0.009206984825524291
,,41.62597953382995,0.009158080896864429
,,42.23192529176849,0.009106316564357614
,,42.84669174932003,0.009051782954468703
,,43.4704073086404,0.008994572133965109
,,44.10320224102448,0.00893477693421454
,,44.74520871411508,0.008872490780704567
,,45.39656081950776,0.008807807527975857
,,46.05739460075785,0.008740821300134927
,,46.72784808179487,0.00867162633708665
,,47.408061295750564,0.008600316846602453
,,48.09817631420686,0.008526986862316637
,,48.79833727686933,0.008451730107721267
,,49.50869042167262,0.008374639866208384
,,50.229384115324294,0.008295808857188712
,,50.960568884293195,0.00821532911829652
,,51.702397446248746,0.008133291893672704
,,52.45502474195828,0.008049787528301197
,,53.21860796764839,0.007964905368358055
,,53.99330660783733,0.007878733667518035
,,54.77928246864572,0.007791359499149777
,,55.57669971159174,0.007702868674318276
,,56.38572488787844,0.007613345665501737
,,57.20652697318029,0.007522873535919394
,,58.03927740293594,0.007431533874357362
,,58.88415010815469,0.007339406735371068
,,59.7413215517445,0.00724657058473486
,,60.610970765368485,0.007153102250002926
,,61.49327938683801,0.007059076876039345
,,62.38843169805032,0.0069645678853701995
,,63.29661466347819,0.00686964694320606
,,64.21801796921984,0.006774383926979698
,,65.1528340626176,0.006678846900240725
,,66.10125819245299,0.006583102090746676
,,67.06348844972693,0.006487213872588417
,,68.03972580903391,0.006391244752186391
,,69.03017417053806,0.0062952553579941496
,,70.03504040256034,0.006199304433745112
,,71.05453438478595,0.006103448835079231
,,72.08886905210038,0.006007743529387047
,,73.13826043906357,0.005912241598710043
,,74.20292772503188,0.005816994245537647
,,75.28309327993644,0.005722050801343643
,,76.37898271072797,0.005627458737706756
,,77.49082490849808,0.0055332636798629585
,,78.61885209628602,0.005439509422540252
,,79.76329987758149,0.005346237947929042
,,80.92440728553377,0.00525348944564567
,,82.10241683287693,0.005161302334549025
,,83.29757456258156,0.005069713286274886
,,84.51013009924455,0.00497875725035563
,,85.74033670122623,0.004888467480797547
,,86.98845131354685,0.004798875563991478
,,88.25473462155281,0.004710011447837074
,,89.53945110536456,0.004621903471964699
,,90.84286909511658,0.004534578398943669
,,92.16526082700162,0.004448061446369246
,,93.50690250013109,0.0043623763197254365
,,94.86807433422285,0.0042775452459247925
,,96.24906062812862,0.004193589007430439
,,97.65014981921385,0.004110526976869981
,,99.07163454360163,0.004028377152054977
,,100.51381169729346,0.003947156191323885
,,101.97698249818025,0.0038668794491301815
,,103.46145254895534,0.0037875610118017853
,,104.96753190094384,0.0037092137334012935
,,106.49553511886118,0.0036318492716209787
,,108.04578134651395,0.003555478123649603
,,109.61859437345713,0.003480109661952448
,,111.21430270262213,0.0034057521699089603
,,112.83323961892896,0.0033324128772563477
,,114.475743258897,0.0032600979952904646
,,116.14215668126975,0.0031888127517790076
,,117.83282793866698,0.0031185614255448313
,,119.54811015027985,0.0030493473806806185
,,121.28836157562498,0.0029811731003588342
,,123.05394568937152,0.0029140402202040196
,,124.84523125725762,0.002847949561196994
,,126.66259241311242,0.002782901162083321
,,128.50640873699857,0.002718894311261092
,,130.37706533449244,0.002655927578125078
,,132.2749529171188,0.0025939988438472006
,,134.20046788395607,0.0025331053315750507
,,136.1540124044294,0.0024732436360325825
,,138.13599450230947,0.002414409752509016
,,140.14682814093345,0.00235659910522402
,,142.18693330966653,0.0022998065750589433
,,144.2567361116226,0.00224402652664578
,,146.3566688526614,0.0021892528348070087
,,148.48717013168132,0.0021354789103412
,,150.6486849322271,0.002082697725150596
,,152.84166471542997,0.002030901836708386
,,155.06656751430143,0.0019800834118646085
,,157.3238580293996,0.0019302342499908482
,,159.61400772588826,0.0018813458054651136
,,161.9374949320083,0.001833409209499262
,,164.29480493898348,0.0017864152913123535
,,166.68643010237963,0.0017403545986543543
,,169.11286994493932,0.0016952174176852561
,,171.5746312609144,0.001650993792215672
,,174.0722282219164,0.0016076735423156
,,176.60618248430805,0.0015652462822987633
,,179.17702329815873,0.001523701438090484
,,181.78528761778492,0.0014830282639877112
,,184.43152021389997,0.001443215858820268
,,187.1162737873972,0.0014042531815228053
,,189.84010908478876,0.001366129066127467
,,192.60359501532466,0.0013288322361875511
,,195.4073087698177,0.0012923513186428104
,,198.2518359411971,0.0012566748571372992
,,201.13777064681693,0.0012217913248009846
,,204.06571565254603,0.0011876891365064169
,,207.03628249866324,0.0011543566606120705
,,210.05009162758665,0.001121782230204012
,,213.10777251345968,0.0010899541538477412
,,216.20996379362694,0.0010588607258620074
,,219.3573134020205,0.0010284902361266434
,,222.5504787044906,0.0009988309794363057
,,225.79012663610445,0.0009698712644121357
,,229.07693384044583,0.0009415994219832865
,,232.41158681093918,0.0009140038134502871
,,235.7947820342349,0.000887072838142032
,,239.2272261356782,0.0008607949406782821
,,242.70963602689804,0.0008351586178493299
,,246.24273905554332,0.000810152425124467
,,249.82727315720007,0.0007857649828007196
,,253.46398700951733,0.0007619849818032516
,,257.1536401885805,0.000738801189148592
,,260.897003327557,0.0007162024530818241
,,264.6948582776546,0.0006941777078985913
,,268.5479982714205,0.000672715978462662
,,272.45722808842004,0.0006518063844296309
,,276.4233642233233,0.0006314381441871281
,,280.44723505644333,0.000611600578521678
,,284.5296810267524,0.0005922831140222664
,,288.67155480741997,0.0005734752862303359
,,292.87372148390415,0.0005551667425458361
,,297.1370587346378,0.0005373472448986797
,,301.4624570143408,0.0005200066721948082
,,305.8508197400064,0.000503135022545768
,,310.303063479589,0.00048672241529060353
,,314.82011814344355,0.0004707590928185409
,,319.40292717854834,0.00045523542220081697
,,324.0524477655584,0.0004401418966397279
,,328.76965101872275,0.00042546913674281286
,,333.55552218871725,0.0004112078916298039
,,338.411060868425,0.00039734903987984906
,,343.33728120171577,0.00038388359032622097
,,348.3352120952641,0.00037080268270556763
,,353.4058974334485,0.00035809758816853567
,,358.5503962963814,0.00034575970965839336
,,363.7697831811131,0.00033378058216406196
,,369.065148226053,0.00032215187285380064
,,374.43759743866025,0.00031086538109554934
,,379.88825292644924,0.0002999130383697638
,,385.41825313135485,0.00028928690808038675
,,391.0287530675117,0.00027897918526938913
,,396.72092456249595,0.00026898219624014866
,,402.4959565020745,0.00025928839809475425
,,408.35505507852065,0.00024989037819011655
,,414.2994440425449,0.00024078085351762394
,,420.330364958889,0.00023195267001089356
,,426.4490774656444,0.0002233988017859983
,,432.6568595373459,0.00021511235031838755
,,438.95500775189083,0.00020708654356057016
,,445.3448375613482,0.00019931473500445007
,,451.8276835667094,0.00019179040269206446
,,458.404899796635,0.0001845071481783328
,,465.0778599902626,0.00017745869544925468
,,471.8479578841323,0.00017063888979887271
,,478.7166075032842,0.0001640416966681784
,,485.6852434565976,0.0001576612004489862
,,492.7553212364299,0.00015149160325568506
,,499.92831752261236,0.00014552722366765417
,,507.20573049087596,0.00013976249544498358
,,514.5890801257668,0.00013419196622004126
,,522.0799085381121,0.0001288102961673032
,,529.679780287112,0.00012361225665375
,,537.3902827071202,0.00011859272887202017
,,545.2130262391767,0.00011374670245841536
,,553.1496447673715,0.00010906927409773398
,,561.2017959601046,0.0001045556461168217
,,569.3711616163088,0.00010020112506862993
,,577.6594480167174,9.600112030847104e-05
,,586.0683862802456,9.195114256407788e-05
,,594.5997327255538,8.804680250098838e-05
,,603.2552692378806,8.428380928468274e-05
,,612.036803641214,8.065796914082872e-05
,,620.9461700758769,7.716518391491002e-05
,,629.9852293816132,7.380144963243414e-05
,,639.1558694862503,7.056285506084657e-05
,,648.4600058000148,6.74455802742096e-05
,,657.8995816155933,6.444589522163011e-05
,,667.4765685140167,6.15601583003653e-05
,,677.1929667764467,5.878481493446772e-05
,,687.0508058019645,5.611639615976984e-05
,,697.0521445314382,5.3551517215956176e-05
,,707.1990718775571,5.1086876146415474e-05
,,717.4937071611304,4.871925240650819e-05
,,727.9382005537379,4.6445505480839355e-05
,,738.5347335268176,4.4262573510080095e-05
,,749.2855193072971,4.216747192782824e-05
,,760.1928033398581,4.015729210796396e-05
,,771.2588637559222,3.822920002290829e-05
,,782.4860118494721,3.6380434913155146e-05
,,793.8765925597978,3.460830796841107e-05
,,805.4329849612637,3.291020102064066e-05
,,817.1576027602131,3.1283565249279605e-05
,,829.0528947991038,2.9725919898849986e-05
,,841.1213455679783,2.8234851009178648e-05
,,853.3654757233838,2.6808010158393246e-05
,,865.7878426148478,2.544311321884201e-05
,,878.3910408190098,2.4137939126061767e-05
,,891.1777026815352,2.2890328660891026e-05
,,904.1504988669184,2.1698183244806598e-05
,,917.312138916282,2.0559463748541143e-05
,,930.6653718133024,1.9472189314019247e-05
,,944.2129865583746,1.843443618963273e-05
,,957.9578127511268,1.744433657886212e-05
,,971.9027211814222,1.6500077502233002e-05
,,986.0506244289652,1.5599899672585272e-05
,,1000.404477471626,1.4742096383621864e-05
,,1014.9672783026306,1.3925012411690089e-05
,,1029.7420685567338,1.3147042930741855e-05
,,1044.7319341454997,1.2406632440410234e-05
,,1059.9400059018385,1.1702273707130834e-05
,,1075.3694602339249,1.1032506718232685e-05
,,1091.0235197886282,1.0395917648917421e-05
,,1106.9054541246066,9.791137842039959e-06
,,1123.0185803952033,9.216842800603083e-06
,,1139.366264041269,8.671751192874947e-06
,,1155.951919494085,8.154623870036508e-06
,,1172.7790108885138,7.664262896266412e-06
,,1189.8510527865246,7.199510591170968e-06
,,1207.1716109112583,6.759248584466989e-06
,,1224.7443028917812,6.342396882827394e-06
,,1242.5727990186665,5.947912948802537e-06
,,1260.6608230105883,5.574790791731382e-06
,,1279.012152792072,5.222060070561556e-06
,,1297.630621282558,4.888785208500936e-06
,,1316.5201171969607,4.574064519426974e-06
,,1335.6845858578831,4.277029345985851e-06
,,1355.1280300196413,3.9968432093183064e-06
,,1374.8545107042976,3.7327009703540053e-06
,,1394.8681480498622,3.483828002622592e-06
,,1415.1731221708321,3.249479376535597e-06
,,1435.773674031266,3.028939055098736e-06
,,1456.6741063305722,2.8215191010210913e-06
,,1477.8787844021742,2.626558895193731e-06
,,1499.3921371252745,2.4434243665163088e-06
,,1521.2186578498886,2.271507233056845e-06
,,1543.362905335332,2.1102242545359574e-06
,,1565.829504702383,1.9590164961326444e-06
,,1588.6231483993042,1.8173486036149186e-06
,,1611.7485971819144,1.6847080898040674e-06
,,1635.21068110794,1.5606046323866977e-06
,,1659.0143005458422,1.4445693830938888e-06
,,1683.1644271983134,1.3361542882715312e-06
,,1707.6661051406895,1.2349314208701534e-06
,,1732.5244518744767,1.1404923238865791e-06
,,1757.7446593961995,1.0524473652932856e-06
,,1783.3319952818235,9.704251044940898e-07
,,1809.2918037869642,8.940716703474297e-07
,,1835.6295069630955,8.230501508004056e-07
,,1862.3506057900215,7.570399941779053e-07
,,1889.4606813248363,6.957364221720126e-07
,,1916.9653958675897,6.388498545769887e-07
,,1944.870494143941,5.861053458144528e-07
,,1973.1818045050252,5.372420332923415e-07
,,2001.905240144772,4.920125976393719e-07
,,2031.0468003349597,4.501827348541227e-07
,,2060.612571678249,4.115306404048137e-07
,,2090.6087293794403,3.7584650531199685e-07
,,2121.0415385352503,3.4293202424184257e-07
,,2151.9173554428717,3.1259991563263667e-07
,,2183.2426289275513,2.8467345387138393e-07
,,2215.023901689532,2.589860135309169e-07
,,2247.2678116705692,2.3538062567112088e-07
,,2279.9810934403563,2.1370954620023617e-07
,,2313.170579603139,1.9383383628420735e-07
,,2346.84320222478,1.756229547834973e-07
,,2381.0059942806215,1.5895436268772307e-07
,,2415.666091124423,1.4371313950906123e-07
,,2450.830731978658,1.2979161158554222e-07
,,2486.507261446533,1.1708899223515187e-07
,,2522.703131046009,1.0551103369125227e-07
,,2559.4259007661385,9.496969073911352e-08
,,2596.6832406460762,8.538279596247631e-08
,,2634.4829323770755,7.66737464980619e-08
,,2672.832870927784,6.87712021848698e-08
,,2711.741066193221,6.160879498397994e-08
,,2751.2156446677564,5.512484953353757e-08
,,2791.264851142424,4.926211469261568e-08
,,2831.8970504269614,4.396750591684014e-08
,,2873.120729096922,3.919185829805135e-08
,,2914.944497266191,3.488969008995484e-08
,,2957.3770903853315,3.101897653166287e-08
,,3000.427371066109,2.7540933771411953e-08
,,3044.1043309325473,2.441981268349708e-08
,,3088.417092498957,2.1622702362715167e-08
,,3133.374911075305,1.9119343072373927e-08
,,3178.9871767002896,1.6881948414242414e-08
,,3225.2634161025835,1.4885036481730807e-08
,,3272.2132946906295,1.3105269751142645e-08
,,3319.846618571369,1.1521303460047011e-08
,,3368.1733365983882,1.0113642216717043e-08
,,3417.2035424498777,8.864504580188925e-09
,,3466.947476736813,7.75769534683373e-09
,,3517.41552914185,6.778485276405693e-09
,,3568.618240589362,5.913497988356994e-09
,,3620.5663054470288,5.1506037577851935e-09
,,3673.270573759509,4.478819939700822e-09
,,3726.7420535146266,3.888217750372909e-09
,,3780.9919129425152,3.3698351353094168e-09
,,3836.031482848261,2.9155954549450904e-09
,,3891.8722589785043,2.518231721323407e-09
,,3948.5259044224563,2.171216121945068e-09
,,4006.004252047902,1.8686945704858743e-09
,,4064.319306972663,1.6054260282325804e-09
,,4123.483249072005,1.376726344809139e-09
,,4183.5084355225745,1.1784163720311847e-09
,,4244.407403383376,1.00677411049495e-09
,,4306.1928722142775,8.584906547337553e-10
,,4368.877746732671,7.306297094182275e-10
