Size_L,Patchiness_Empirical_Y,Patchiness_Theoretical_Y,Gamma_Theoretical
1,0.0,1072.7439759512781,11.234548886729174
2,1611.7141,2099.196718744206,11.234548886729174
3,2797.8147,3081.7448026554484,11.234548886729174
4,3842.0989,4022.6384331173977,11.234548886729174
6,5710.772,5787.83078991143,11.234548886729174
9,8134.15,8172.507795857997,11.234548886729174
13,10848.426,10929.880700201313,11.234548886729174
18,13631.762,13819.518212403833,11.234548886729174
27,17492.205,17844.903583612082,11.234548886729174
39,21017.371,21611.658105419883,11.234548886729174
56,24178.242,25087.481775468008,11.234548886729174
81,27156.686,28131.055203101558,11.234548886729174
117,29619.361,30546.494285101875,11.234548886729174
170,31349.658,32400.84938272337,11.234548886729174
