Lambda,Delta_BIC
1.2739895503645826,-2.1312248798953988
1.3376408598447689,-5.224566257599008
1.280745721517337,-11.261262456565646
1.1706858271654057,0.8870336590796342
1.6640154973056305,16.764610600947208
2.2017519614094727,7.0085027004903395
1.7499569015766463,2.117853600844569
2.2523240462544867,1.9680177560027232
2.0462454766242315,3.5038848609705155
2.2115139078966544,10.703858195890689
2.549036727663243,2.3993602310412143
2.377982050319881,10.713124568501826
1.5207198873257397,-1.534691208480126
1.702250869502013,0.38549233098922286
2.2209802529574354,0.825420571145969
1.5765481048739116,2.258025267239873
1.9690354156776628,5.448788000848253
1.255902643098554,-2.1755806677899727
1.1853019578580817,-0.7920920673522005
1.381364900242949,1.0585627231055241
1.1518178266913477,-6.133156964862792
1.1539347828865167,-4.988899145555479
1.0210511982664534,-9.949926584525656
0.8146150451996783,-9.843043861950946
1.1011622762998434,-11.331528835800555
1.7434460932547298,0.3698152084523372
1.4424910844057153,0.7144887437442549
1.1596087085729074,-3.3533725885778267
1.3112505163860235,-5.423684449615905
0.9027075402053027,-3.6039809233304823
2.211880720143306,12.537813329307482
1.0453565233720354,-18.133916068173676
2.4206526126672334,-0.6477759770288003
1.0780145649663453,-2.762974255506606
1.7063551745735173,7.013150999183495
1.1196471593140431,-3.2081210717501563
0.9944463789071212,-1.0102849612062528
1.209099325367005,3.503763329373669
1.1964381973819944,-12.593642797204211
1.7007680447351436,-0.06567059478277315
2.3489682190820647,3.468525994604647
2.348459687673288,7.154567513410598
1.880698720768856,-0.15060152393800763
2.485236468761835,8.329878248034504
2.028638939026934,4.48729720628171
1.6574246576926663,0.053779243195322124
1.787426182461748,1.8103139084720397
1.7940408933505432,2.869434274977266
2.854084261767856,7.303388616879715
1.91895351231432,-1.2750464879801484
2.3382219412015357,19.785260544265498
2.53386848514056,3.5374181863534204
2.398131295568245,7.383360736231339
2.4845152967734325,6.315125610676773
2.209483131082865,18.16115440281112
2.310470258910521,10.703449756267673
2.1484533075745764,7.366529002012953
2.198368260257425,2.566112104374838
2.5971084473087283,4.6552483932093764
1.8041579823312124,24.575111483268756
2.010477044246291,11.370622820758854
1.7345862268400687,26.487613245923967
1.8514921486254143,62.098348993170475
1.009148030777263,-0.642104605857071
1.6350709834748984,15.52812159620305
1.5760884626479574,11.671844172149122
1.232247617759592,-9.892036312439359
1.7862112481372316,33.60623751120829
1.675030914263314,38.386395891829125
1.5321713861135433,18.913973192378762
1.417568800567397,-4.295114295606254
1.543473024822188,23.18130385608538
1.6969165051439123,1.7830856769597858
1.7113242347770048,35.727190361918474
1.826963660226076,44.31195094579016
1.8413198578805905,23.30637877078061
1.1671000517399048,-5.408966997600601
1.9535754138392984,22.7272664979846
1.7720036745807648,10.796919781183078
1.0629643791262922,-1.3442848614714649
1.7549394280781925,17.313628479441604
1.8063788948041983,22.426863530799437
1.4656567500886628,12.783221052072804
1.350777953442265,-1.3210016246539453
1.423686669881289,3.3370562399454684
1.6580581937090109,15.185555582615507
1.2623498771033077,1.7512144804468335
1.5776203619246498,2.6691256245092063
1.8683843251060095,32.647788055023284
2.18643930293016,9.130967885838572
2.5751691958670224,4.986943406003206
2.233460904481721,4.306862457686407
2.0475682030958096,0.06249760282901207
2.010598209201995,9.68431773898942
2.080262445408021,6.940134322428548
2.0086862632477462,13.260163849679657
2.174985142432684,16.650057327366994
2.229453921762608,17.958888394383962
2.420246741872823,7.733036320404608
2.3177316984137217,3.6931984846306705
2.26173661058698,5.738396182320116
1.756197606611342,-3.695447278525478
2.230830582897114,4.3264602912933015
2.4402928840275724,27.54711519147486
2.03648861619046,16.235535718187066
1.7782368954774257,9.05809162105652
1.92196118530746,11.988010462391685
2.019416587996865,9.8763796505213
1.700163337651041,0.46042613492693363
2.0533889627096023,17.646505931288402
2.0088371063229324,17.44623239621137
1.5786091926865085,1.8465474015522432
1.8980658572064493,6.5802006182303785
1.8567694935828816,7.172696488133056
2.2563967970661194,26.004297769813775
1.0578551885429568,-7.850425038225694
1.786291703697776,13.846801648362089
1.8255897794666625,44.02905644204975
1.869027478639161,20.017656860686202
1.3664453308676112,2.784749404896047
1.9492046421772256,72.28660306577012
1.943121801866079,62.004176525279945
1.8305898476625488,12.270943260253034
1.586008009616766,9.519495652999467
1.540951325146195,27.79217652166699
1.525226237578384,33.55781888130832
1.4994307787394132,16.632178994007518
1.4621191612960276,13.216433319762928
1.872989401574108,17.22298137065127
2.153121894035359,7.541226901634275
1.9420452812486544,2.9212860743749616
0.9930584492716856,-4.042228460299157
1.491289266025117,-0.8376410027976817
1.5954979267926472,15.085792563846326
1.9975202091725863,3.121872430639087
1.9598371926151728,27.286968928106035
