X_hist,Y_hist
2.669738424771457,0.03167274200637207
4.75714232927471,0.04993912711082632
8.476636861124131,0.03752654603848563
15.10431420838388,0.018927463524294967
26.914012177623505,0.010921429740546648
47.95742736172669,0.003778258923921322
85.45417992592932,0.0013193493312334682
152.26873643019746,0.0005553204047966033
271.3239787000015,0.0001780853318023888
483.4656354513454,4.997130843397524e-05
861.4757227956427,9.348071666281888e-06
1535.042754948737,7.869295597298794e-06
2735.2555587681677,2.9441990418922437e-06
4873.885725757531,1.6523031619096867e-06
