Subplot,Curve_Label,Model_Type,Param_1 (b),Param_2 (c),Param_3 (mu),Param_1 (mu),Param_2 (sigma),Param_3 (NaN)
a,18S,GIG,9.427093828642397,15056.504720833307,0.0703585270227573,,,
a,16S,LNM,,,,4.527266025053135,1.8494332640478324,
d,Chl Data,LNM,,,,-0.8336204706913999,0.2885524353436479,
b,Diatoms,LNM,,,,7.404673527732358,3.224800549695877,
b,Dinoflagellates,LNM,,,,3.554859515080692,2.164498999557244,
b,Coccolithophores,GIG,0.8277237757551612,157510.15916836276,0.39436042146956374,,,
e,Diatoms,GIG,4.172643151329098,13106.951496068064,0.622516414943258,,,
e,Dinoflagellates,GIG,0.7102272493961335,178.77399315996587,0.4805122168643031,,,
e,Coccolithophores,LNM,,,,4.0711369537599476,1.1071896645753152,
